Round,LEACH_Alive,LEACH_Energy,PEGASIS_Alive,PEGASIS_Energy,HYBRID_Alive,HYBRID_Energy
1,50,0.4652451043763595,50,0.46616596237844293,50,0.4679567312537019
2,50,0.46289663033318823,50,0.46407294804408783,50,0.46776289368391516
3,50,0.45994603493466374,50,0.4620996481581283,50,0.46748915602041785
4,50,0.4552778729243503,50,0.4600711672199143,50,0.4672199571524815
5,50,0.4532051412745256,50,0.45806879374268433,50,0.4668624146391968
6,50,0.4499383603509026,50,0.4564216849277877,50,0.46659055212456124
7,50,0.4482288566877042,50,0.45479719083951603,50,0.46631312096209326
8,50,0.4460943165128844,50,0.4531217465722445,50,0.46593068068839844
9,50,0.44216530765102613,50,0.4513404715489102,50,0.46565030682979464
10,50,0.4400192241966121,50,0.44981202189969915,50,0.46480549791216447
11,50,0.43449742404933334,50,0.4483087811670244,50,0.4644819238197006
12,50,0.4297002699242431,50,0.4469310587491262,50,0.46423034074600156
13,50,0.4267878608140893,50,0.4455837454591471,50,0.46390848478664537
14,50,0.4249516163649812,50,0.44435595802070466,50,0.46362214433916393
15,50,0.40383913946927646,50,0.44314789718732106,50,0.46332381520552884
16,50,0.40160860510075735,50,0.4419760552255178,50,0.4630374747580477
17,50,0.39671911132808974,50,0.4407895187468883,50,0.4627669086953382
18,50,0.375606634432385,50,0.43966193482388377,50,0.46186940737213417
19,50,0.37299948590426985,50,0.4383323010137306,50,0.4615476610915944
20,50,0.3706732637767926,50,0.43690450663846714,50,0.4612556248299835
21,50,0.36650176942575025,50,0.4352838284513393,50,0.46088265090904895
22,50,0.36376813789789386,50,0.43365115633625606,50,0.4604919410220537
23,50,0.3607863166079329,50,0.4318331995037517,50,0.459034026520118
24,50,0.3588029606873156,50,0.4297664110754418,50,0.45875677014053723
25,50,0.35331486779054105,50,0.42773292753988096,50,0.4584530910328699
26,50,0.3503516515077801,50,0.4263486517858536,50,0.45813598472213535
27,50,0.3475719018453974,50,0.42495770859073295,50,0.4578632730932011
28,50,0.3441519609127704,50,0.42359462443497703,50,0.45758375942094703
29,50,0.34210184238801244,50,0.42228154117135347,50,0.4562418963858055
30,50,0.3396774975016581,50,0.42108881826341993,50,0.45597368903931146
31,50,0.3376338092052484,50,0.4199228776934005,50,0.45566528965322817
32,50,0.33556408894625794,50,0.41874940345174044,50,0.45482178435480963
33,50,0.3323567222748,50,0.4175786839515645,50,0.4545133849687263
34,50,0.32806665523346257,50,0.41638823108494455,50,0.4542265066287483
35,50,0.32570967197216644,50,0.4151625795356516,50,0.4530815116325249
36,50,0.32376368588078536,50,0.41385655589423415,50,0.4528086203513873
37,50,0.3206454592750655,50,0.4124737641129705,50,0.45248849384406853
38,50,0.3162196470446773,50,0.41100427462773753,50,0.4522212102145195
39,50,0.3128106999609231,50,0.4094060305069657,50,0.4519539265849703
40,50,0.3106865759503862,50,0.408258562529003,50,0.45169017243538806
41,50,0.30793290714411653,50,0.40715618827051436,50,0.4514260676859723
42,50,0.3035818903822186,50,0.406079800473726,50,0.4511028966637925
43,50,0.3001503380866433,50,0.40498722073400745,50,0.45084548905464716
44,50,0.29733451735810673,50,0.4038689925625347,50,0.4497245726251281
45,50,0.2946782788636312,50,0.40278798458444176,50,0.44935159870419383
46,50,0.2902800678799691,50,0.40175952941519577,50,0.4475855243172792
47,50,0.2878419613413903,50,0.40073616254775574,50,0.44730261311307346
48,50,0.2839526316331057,50,0.39970697316985776,50,0.44703494851655806
49,50,0.2817220972645866,50,0.3986344777107259,50,0.44680834165860117
50,50,0.2784713984536783,50,0.39752926156110846,50,0.44653276682399523
51,49,0.2786110136559255,50,0.39543456379243197,50,0.4462694090180209
52,49,0.27492472440042626,50,0.3933415494580766,50,0.44594191373370756
53,49,0.27077797923655006,50,0.39136824957211724,50,0.44563833619314097
54,49,0.2641966040865674,50,0.389339768633903,50,0.4452947638398226
55,49,0.26222949636926746,50,0.3873373951566731,50,0.4450122037625757
56,46,0.25881748518823366,50,0.38569028634177627,50,0.4446562350670154
57,46,0.25596263508854517,50,0.38406579225350496,50,0.4433832668315909
58,46,0.2525628916783898,50,0.3823903479862332,50,0.4430054871764843
59,46,0.2501808424251257,50,0.38060907296289914,50,0.442684661353254
60,46,0.24661838675150083,50,0.37908062331368797,50,0.44202984253419264
61,46,0.2429345065542177,50,0.37757738258101337,50,0.4417039570420183
62,46,0.2401454496118915,50,0.37619966016311507,50,0.4413546276749304
63,45,0.24308010565826743,50,0.37485234687313607,50,0.4411305862543447
64,45,0.24084359910751985,50,0.3736245594346934,50,0.4407756557228623
65,45,0.23606680094286542,50,0.37241649860130993,50,0.4404476007030072
66,45,0.2332281855970428,50,0.3712446566395067,50,0.44009267017152476
67,44,0.23618312011474396,50,0.37005812016087725,50,0.4397683871260517
68,43,0.23906222511980887,50,0.3689305362378723,50,0.4393924224002131
69,43,0.23641662102889632,50,0.3676009024277196,50,0.4390637768007027
70,43,0.23262655612369262,50,0.366173108052456,50,0.4387351312011926
71,43,0.22959771430314432,50,0.36455242986532815,50,0.43834442131419715
72,43,0.2266876505394877,50,0.362919757750245,50,0.4365815374568979
73,43,0.22457628197817467,50,0.3611018009177404,50,0.43635493059894104
74,43,0.22190220682457046,50,0.3590350124894303,50,0.4345888562120263
75,43,0.2199069441834979,50,0.35700152895386983,50,0.43431328137742
76,42,0.2223593225346115,50,0.3556172531998424,50,0.43404992357144573
77,42,0.22039661063931296,50,0.3542263100047218,50,0.4337263110852431
78,42,0.21648243263362202,50,0.3528632258489662,50,0.4334136831381713
79,42,0.214550786715792,50,0.3515501425853422,50,0.4325283744991771
80,42,0.21230289482133516,50,0.35035741967740863,50,0.43225544654995873
81,41,0.2146745288795307,50,0.34919147910738924,50,0.4319825186007402
82,41,0.21184374036670994,50,0.34801800486572915,50,0.4316577652107631
83,40,0.21535892024760983,50,0.3468472853655533,50,0.43140023865516186
84,40,0.21252165618820418,50,0.3456568324989334,50,0.4310794128319317
85,40,0.2092602797794405,50,0.34443118094964054,50,0.4306177907614679
86,40,0.20527399068289337,50,0.34312515730822296,50,0.430242546027612
87,40,0.20313004411925778,50,0.34174236552695936,50,0.42941748021795656
88,40,0.20134477536175682,50,0.34027287604172635,50,0.42909833032850336
89,40,0.19811653580021588,50,0.3386746319209546,50,0.4281283448716943
90,40,0.19515992573112084,50,0.33752716394299176,50,0.4271299930132836
91,40,0.19286027371644376,50,0.33642478968450334,50,0.42627975739932217
92,39,0.19497054599226032,50,0.3353484018877149,50,0.42533171924121843
93,39,0.19138075113347616,50,0.33425582214799626,50,0.4250331640714108
94,39,0.18800056448539434,50,0.33313759397652354,50,0.42469821508391137
95,39,0.18529705601873006,50,0.33205658599843074,50,0.4243987929447854
96,38,0.18614521257089753,50,0.3310281308291846,50,0.42416248240489635
97,38,0.1842598659496974,50,0.3300047639617447,50,0.4238965113679194
98,38,0.1807416669089614,50,0.32897557458384674,50,0.4236153799472258
99,36,0.17746567545175068,50,0.3279030791247148,50,0.4218524960899264
100,33,0.18059900116019492,50,0.3267978629750973,50,0.4215843040352695
101,33,0.17879504442171174,50,0.3247031652064207,50,0.42132094622929517
102,33,0.17644128969970707,50,0.3226101508720655,50,0.42106239437055115
103,33,0.174054737980276,50,0.320636850986106,50,0.420777747214019
104,33,0.17163046693694098,50,0.318608370047892,50,0.42050521721955225
105,33,0.16809545071340926,50,0.3166059965706619,50,0.42023268722508544
106,32,0.17184140588496388,50,0.3149588877557653,50,0.4199414195594427
107,32,0.16860724233501845,50,0.3133343936674938,50,0.4196425971161845
108,32,0.16628063427897247,50,0.31165894940022215,50,0.41926270392986814
109,32,0.16344248063123046,50,0.3098776743768879,50,0.4189971931586927
110,32,0.16020348800986092,50,0.3083492247276768,50,0.41873638843810534
111,32,0.15793292509187154,50,0.3068459839950022,50,0.4183788459248207
112,32,0.15542119589032125,50,0.30546826157710405,50,0.41802130341153637
113,32,0.15332640277563275,50,0.30412094828712494,50,0.41771435186467726
114,32,0.15044616328515414,50,0.30289316084868223,50,0.4168182373016645
115,32,0.14866340558335772,50,0.3016851000152988,50,0.41654773803791817
116,32,0.14621604102697333,50,0.30051325805349555,50,0.4162148374976513
117,31,0.14866429323460262,50,0.29932672157486595,50,0.4159974056770045
118,30,0.15158079723758947,50,0.29819913765186123,50,0.4157389962361917
119,29,0.1469794092483974,50,0.29686950384170835,50,0.41420831009625664
120,28,0.14994262328784763,50,0.2954417094664449,50,0.4139351426324589
121,28,0.14796624740378705,50,0.293821031279317,50,0.413652705864827
122,28,0.14556024258961456,50,0.29218835916423386,50,0.41337157444413336
123,27,0.14847253302119584,50,0.2903704023317294,50,0.4118408883041982
124,26,0.1448266167726337,50,0.2883036139034192,50,0.41149246698421216
125,26,0.14248362525324137,50,0.2862701303678587,50,0.41122427492955516
126,26,0.14071159217621065,50,0.28488585461383126,50,0.4109609171235808
127,26,0.13816717222319205,50,0.2834949114187107,50,0.41070236526483667
128,25,0.1410343232781069,50,0.28213182726295494,50,0.41037875277863395
129,25,0.13954784555720845,50,0.28081874399933127,50,0.4101062227841674
130,25,0.13136730269227548,50,0.27962602109139756,50,0.4098426594652874
131,25,0.12933970767988992,50,0.2784600805213783,50,0.40955139179964456
132,25,0.12762728895182465,50,0.27728660627971813,50,0.40926012413400187
133,24,0.1303513946803478,50,0.2761158867795421,50,0.4089663326489507
134,24,0.12260229945010437,50,0.27492543391292235,50,0.4080886775678501
135,24,0.11485320421986096,50,0.27369978236362935,50,0.40745105028082385
136,23,0.111862460129293,50,0.27239375872221205,50,0.40709027628277883
137,22,0.11376895845257652,50,0.27101096694094823,50,0.40675631450542765
138,22,0.11159166445971609,50,0.2695414774557154,50,0.40636977973728017
139,22,0.1097964807480896,50,0.2679432333349437,50,0.40598324496913285
140,21,0.11268121364182553,50,0.26679576535698085,50,0.4055967102009852
141,21,0.1100350081057955,50,0.2656933910984924,50,0.4053184044201938
142,20,0.10883987741733032,50,0.26461700330170373,50,0.4050093539580296
143,20,0.10709697116999466,50,0.26352442356198535,50,0.4047107987882223
144,20,0.10423614227499886,50,0.2624061953905126,50,0.4044389461162157
145,19,0.10767337846391217,50,0.2613251874124196,50,0.4041720564648923
146,18,0.11119258213621867,50,0.26029673224317346,50,0.4038896196972603
147,18,0.10886673353525872,50,0.2592733653757336,50,0.4036322120881153
148,17,0.1088463325082617,50,0.25824417599783567,50,0.40249213778404597
149,16,0.10974057083479341,50,0.25717168053870365,50,0.40214371646406
150,16,0.10697638405048512,50,0.2560664643890863,50,0.40187552440940294
151,16,0.10503828641639273,50,0.25397176662040966,50,0.40161216660342836
152,16,0.10270790281904489,50,0.25187875228605455,50,0.40122935296993134
153,15,0.10743553510601138,50,0.24990545240009499,50,0.40094470581339925
154,15,0.10167501118502185,50,0.24787697146188095,50,0.4006721758189326
155,15,0.10014914396823807,50,0.24587459798465086,50,0.40040861250005255
156,14,0.10167510689810998,50,0.24422748916975423,50,0.40014388499812475
157,14,0.09979675143863134,50,0.2426029950814829,50,0.3997592632742075
158,14,0.09754669655273017,50,0.24092755081421116,50,0.39931967046124583
159,13,0.09963772424339369,50,0.23914627579087688,50,0.3988138914805371
160,12,0.10257737021595925,50,0.23761782614166577,50,0.39854474018216
161,12,0.0976022214483236,50,0.2361145854089911,50,0.39823778863530107
162,11,0.10114992494891469,50,0.23473686299109298,50,0.3977761665648374
163,10,0.10630313725455347,50,0.23338954970111384,50,0.3971236522364987
164,10,0.1043879289113274,50,0.23216176226267124,50,0.3965210887161243
165,10,0.10283641294880233,49,0.2356848239747581,50,0.396182119139219
166,10,0.09820108748092242,49,0.23434052209529266,50,0.39557955561884456
167,10,0.09582128720416193,49,0.2328960563738776,50,0.39533508739562345
168,10,0.09118596173628203,49,0.2312547704362746,50,0.3950078788518255
169,10,0.08655063626840212,49,0.22960124579667626,50,0.3947191243464363
170,8,0.10352816034316102,49,0.2277586551188929,50,0.39442708808482513
171,8,0.10182393046461158,49,0.2256621546494712,50,0.3941446513171934
172,8,0.09784411758823175,49,0.2242620956844197,50,0.3938872437080482
173,8,0.09386430471185193,49,0.2228552332080484,50,0.39274716940397914
174,8,0.09232857117263428,49,0.22147679832286574,50,0.39239177158245575
175,8,0.08834875829625444,49,0.2201493847561853,50,0.39212357952779875
176,8,0.086509891624674,49,0.21894478787898436,50,0.3918602217218245
177,8,0.08462702862912082,49,0.21776751991802248,50,0.3915430631658838
178,8,0.08064721575274099,49,0.2165825645370194,50,0.39122590460994305
179,7,0.088238521707112,49,0.21540042011671412,50,0.39090874605400233
180,7,0.08447584859612331,49,0.2141981396082007,50,0.39064518273512233
181,7,0.08071317548513461,49,0.21295994207655164,50,0.3903729005216641
182,7,0.07849740779103809,49,0.21163973220600002,50,0.3900816328560212
183,7,0.0747347346800494,49,0.2102411874988706,50,0.38981368849680353
184,7,0.07277445003562147,49,0.2087541757468744,50,0.38929977367592095
185,6,0.08123605032983615,49,0.20713578171371627,50,0.3889389996778757
186,6,0.07789501284757082,49,0.2059773633364859,50,0.3886734876458883
187,6,0.0745539753653055,49,0.2048649589587188,50,0.38831271364784326
188,6,0.07297142694380471,49,0.20377907137860485,50,0.3879989807127929
189,6,0.0710392588112327,49,0.20267666140774582,50,0.3877302066434474
190,5,0.08191116543733398,49,0.20154807956775012,50,0.3874191553742344
191,5,0.079030297616729,49,0.2004574775169174,50,0.3871090670236051
192,5,0.07614942979612402,49,0.19942050078123433,50,0.38679897867297597
193,5,0.07326856197551904,49,0.19838871619025164,50,0.38536018164632013
194,4,0.08886374093141457,49,0.19735099026206676,50,0.38507424623700814
195,4,0.08722199320848197,49,0.19626907445507177,50,0.38474260537008287
196,4,0.0846710254700056,49,0.19515377018839752,50,0.38445130762619256
197,4,0.08212005773152922,49,0.1930287908002346,50,0.384182550907001
198,4,0.07956908999305286,48,0.19516621750408403,50,0.38265186476706586
199,4,0.0770181222545765,48,0.19345508653846313,50,0.3823481856593986
200,4,0.07446715451610011,48,0.1916337152019438,50,0.3820799936047416
201,4,0.0725703348145365,48,0.190075703630136,50,0.3818166357987673
202,4,0.07001936707606013,48,0.18854395134638724,50,0.38146785185293147
203,3,0.09165058377868153,48,0.18714294730719713,50,0.3811190679070955
204,3,0.08991931522592055,48,0.1857736194429227,50,0.3807702839612599
205,3,0.08818804667315955,48,0.18452879767399885,50,0.3804665563427986
206,3,0.08645677812039854,48,0.18330452445201162,50,0.3801882676208323
207,3,0.08472550956763754,48,0.18211797922125375,50,0.37983851947470026
208,3,0.08299424101487655,48,0.18091612720213515,50,0.3795705751154824
209,3,0.08126297246211556,48,0.1797756840951257,50,0.37913098230252074
210,3,0.07953170390935456,48,0.17842477235567042,50,0.3787938008560193
211,3,0.07780043535659358,47,0.18076338776325834,50,0.3784868493091604
212,3,0.07601391631491543,47,0.1793392764569512,50,0.37817989776230143
213,3,0.07428264776215443,47,0.1779448024265641,50,0.3778970707699388
214,3,0.07255137920939343,47,0.17660352083461547,50,0.3776282967005933
215,3,0.07082011065663245,47,0.17539028217425193,50,0.37731724543138034
216,3,0.06908884210387145,47,0.17420553536273337,50,0.3769765746960563
217,3,0.06735757355111045,47,0.17301277400691625,50,0.37596337807130836
218,3,0.06583444800150884,46,0.17556218695282205,50,0.3756964884199849
219,3,0.06410317944874784,46,0.17405480406512938,50,0.37540773391459564
220,3,0.06237191089598685,45,0.17649998827574442,50,0.37512869058583465
221,3,0.06064064234322586,45,0.17541545569974615,50,0.3748712829766893
222,3,0.05885412330154771,45,0.17438931513357747,50,0.37456572762926127
223,3,0.05712285474878672,45,0.17336882823608243,50,0.3742980630327461
224,3,0.055599729199185106,45,0.1723418718825229,50,0.3739943839250789
225,3,0.053868460646424116,45,0.17123044133816392,50,0.373726191870422
226,3,0.05213719209366311,45,0.16901958677262813,50,0.37346283406444764
227,2,0.07635883355574205,45,0.1669436187434447,50,0.3731903040699807
228,2,0.07468220432889591,44,0.16956251837805228,50,0.37287314551404016
229,2,0.07300557510204975,44,0.1679923381490397,50,0.37258949429076765
230,2,0.07110419809675302,44,0.16656479236863667,50,0.37226403477134795
231,2,0.06942756886990686,44,0.1651718024154144,50,0.3719385752519284
232,2,0.0677509396430607,44,0.1639146372934837,50,0.37158882710579616
233,2,0.06597677018292018,44,0.16267988876821102,50,0.3713208827465783
234,2,0.06430014095607403,44,0.1614862980515523,50,0.3709639528591292
235,2,0.06262351172922787,44,0.1602760090203182,50,0.37064338787164297
236,2,0.06094688250238171,44,0.1591327115295669,50,0.370268143137787
237,2,0.05927025327553556,44,0.15775981189432897,50,0.36989289840393114
238,2,0.05759362404868941,44,0.15627536616237442,50,0.36923807958486976
239,2,0.05591699482184325,44,0.15457173428057414,50,0.36850310691514876
240,2,0.05424036559499709,44,0.15285447293518814,50,0.3673336631884658
241,2,0.05256373636815094,43,0.15453956021384524,50,0.3669947358471869
242,2,0.050887107141304774,43,0.15335076385913884,50,0.36661000975293917
243,2,0.04898573013600803,43,0.15216517069220448,50,0.36554910785227146
244,2,0.047309100909161864,42,0.15455951341463153,50,0.3652174669853463
245,2,0.0456324716823157,42,0.153450130709752,50,0.3649363355646527
246,2,0.04395584245546954,42,0.1523214718823367,50,0.3646154189648425
247,2,0.04227921322862338,42,0.15116227920759498,50,0.36435217294608047
248,2,0.040602584001777214,42,0.15004739628687705,50,0.36408450834956524
249,2,0.03892595477493105,42,0.14899507623383362,50,0.36380159714535937
250,2,0.03724932554808489,42,0.14794881368294047,50,0.3635334050907023
251,2,0.03557269632123873,42,0.1468956195719783,50,0.36327004728472806
252,2,0.033896067094392565,42,0.14575191739944526,50,0.3629975172902614
253,2,0.0322194378675464,41,0.14802076911299764,50,0.36268035873432064
254,2,0.03054280864070024,40,0.1502494920401975,50,0.3624033211952647
255,2,0.028866179413854078,40,0.14850056713830112,50,0.3621192472082292
256,2,0.027189550187007916,40,0.14673664982646056,50,0.36179378768880954
257,2,0.025512920960161757,40,0.14495468663985323,50,0.36144403954267756
258,2,0.023836291733315595,40,0.14350126477933256,50,0.3609566906272995
259,2,0.022159662506469436,40,0.14203950861744513,50,0.3604693417119217
260,2,0.020483033279623274,40,0.14061257625476392,50,0.36013216026541994
261,2,0.018806404052777115,40,0.1392481450072477,50,0.35994948873045013
262,2,0.017129774825930956,40,0.13803416420434414,50,0.3596055360402343
263,2,0.01522839782063421,40,0.13685366132383325,50,0.35910793298659455
264,1,0.028393421098570917,40,0.13566374135377166,50,0.3584554186582561
265,1,0.02684399941688097,40,0.13447726481056516,50,0.35812677305874574
266,1,0.024454577735191024,40,0.1332661215593037,50,0.35778780348184047
267,1,0.022905156053501078,40,0.13201097995470104,50,0.3574488761405618
268,1,0.02135573437181113,40,0.13065537323494267,50,0.3571223989978862
269,1,0.019806312690121185,40,0.1292038063403765,50,0.35606788922780347
270,1,0.01825689100843124,40,0.1276438673158487,50,0.3558104816186583
271,1,0.016707469326741293,40,0.12648645517540866,50,0.3554934882555898
272,1,0.015158047645051347,40,0.1253854101843115,50,0.3552000427809785
273,1,0.013608625963361402,40,0.12431684827033933,50,0.3549323781844634
274,1,0.012059204281671457,40,0.12322804642770455,50,0.3546494669802575
275,1,0.010509782599981513,40,0.1221071840453771,50,0.35437389214565146
276,1,0.008960360918291568,40,0.12103284690477452,50,0.3541105343396771
277,1,0.006570939236601624,39,0.12313243703064672,50,0.35383800434521034
278,1,0.005021517554911679,39,0.12147591788925394,50,0.35355335718867814
279,1,0.0034720958732217333,39,0.12001263878800603,50,0.35325944104468143
280,1,0.0019226741915317877,39,0.11858834574819276,50,0.352975367057646
281,1,0.00037325250984184227,39,0.11731729097958023,50,0.3526499075382262
282,0,0.0,39,0.1160715267302741,50,0.35230015939209425
283,0,0.0,39,0.11487219693171195,50,0.3519691603691706
284,0,0.0,39,0.11365402800901346,50,0.3514552455482879
285,0,0.0,39,0.1125114392858341,50,0.3511267537915046
286,0,0.0,39,0.11110981224579802,50,0.35086130618733263
287,0,0.0,39,0.10958233832741496,50,0.3505543546404738
288,0,0.0,38,0.11113854372705005,50,0.34921729703560234
289,0,0.0,38,0.10993147705236025,50,0.34822178877296506
290,0,0.0,38,0.10869844542182329,50,0.3475841614859387
291,0,0.0,38,0.1074190997351376,50,0.34726241520539886
292,0,0.0,38,0.10603400129565645,50,0.34688403337663376
293,0,0.0,38,0.10454789214585127,50,0.34591868361759515
294,0,0.0,37,0.1060396684196689,50,0.3455870427506699
295,0,0.0,37,0.10501944678436502,50,0.34526612615085983
296,0,0.0,37,0.10389648626835912,50,0.34500288013209773
297,0,0.0,36,0.10564201362546513,50,0.3447297126682999
298,0,0.0,36,0.10439991361474904,50,0.3444620480717846
299,0,0.0,36,0.10323969215351196,50,0.3441791368675788
300,0,0.0,36,0.1017988458490135,50,0.3439035620329728
301,0,0.0,36,0.10022166542630576,50,0.34364020422699837
302,0,0.0,35,0.10163449068263686,50,0.3433676742325317
303,0,0.0,34,0.10328718482123304,50,0.34308302707599947
304,0,0.0,34,0.10226049862430953,50,0.34278911093200276
305,0,0.0,34,0.10122524991200658,50,0.3425050369449672
306,0,0.0,34,0.10007819712364555,50,0.3421795774255476
307,0,0.0,33,0.10131300999237154,50,0.3418298292794155
308,0,0.0,33,0.09981823480849722,50,0.34156056361190745
309,0,0.0,33,0.09824066880057074,50,0.34131787202389724
310,0,0.0,33,0.09665300060916941,50,0.340989380267114
311,0,0.0,33,0.09510754308347254,50,0.34062860626906916
312,0,0.0,33,0.09363784448524849,50,0.34026783227102414
313,0,0.0,33,0.09235051006231239,50,0.3396130134519627
314,0,0.0,33,0.09110375493924629,50,0.3392723427166387
315,0,0.0,33,0.08984558516217937,50,0.3389468751309326
316,0,0.0,33,0.08859158923584576,50,0.3386599729631444
317,0,0.0,33,0.08730769426944568,50,0.3382815911343792
318,0,0.0,33,0.08597046796566221,50,0.33805498427642233
319,0,0.0,33,0.0845114657647204,50,0.33772334340949706
320,0,0.0,33,0.08293614820037515,50,0.33745564781684156
321,0,0.0,33,0.08171738185315258,50,0.33716971240752963
322,0,0.0,33,0.0805669393233152,50,0.3368965449437319
323,0,0.0,33,0.07945587022029596,50,0.3366288803472168
324,0,0.0,33,0.07832026787041303,50,0.3363459691430109
325,0,0.0,33,0.07714580426029653,50,0.33607039430840474
326,0,0.0,32,0.07846937686241377,50,0.3358070365024303
327,0,0.0,32,0.07717435872347331,50,0.3355345065079636
328,0,0.0,32,0.07593593257137703,50,0.3352498593514315
329,0,0.0,32,0.07467454623673966,50,0.33495594320743477
330,0,0.0,32,0.07350527327026606,50,0.33467186922039927
331,0,0.0,32,0.07248974178052185,50,0.3343464097009795
332,0,0.0,32,0.07148330796336824,50,0.33407914578333403
333,0,0.0,30,0.07518907675527409,50,0.3335926037326891
334,0,0.0,30,0.07383356305161652,50,0.3333682448187753
335,0,0.0,30,0.07251092702305748,50,0.3330476798312892
336,0,0.0,30,0.07124865578046548,50,0.3327820891244759
337,0,0.0,30,0.06996189367649633,50,0.33251657709248844
338,0,0.0,30,0.06877338583190186,50,0.33215432809497825
339,0,0.0,30,0.06774886889581874,50,0.3318662638878333
340,0,0.0,30,0.06673405614383228,50,0.3315777701150222
341,0,0.0,30,0.06571076288883541,50,0.3313113477803517
342,0,0.0,30,0.06460758192126798,50,0.329774585302212
343,0,0.0,30,0.06347741438215043,50,0.32855628095413436
344,0,0.0,30,0.062304499456776026,50,0.32828858536147876
345,0,0.0,30,0.06105206386715702,50,0.32797159199841025
346,0,0.0,30,0.05978707215813714,50,0.3276984245346125
347,0,0.0,30,0.05848999933866115,50,0.32741159703858586
348,0,0.0,30,0.057229598865447914,50,0.3271487949038894
349,0,0.0,30,0.055936309448161546,50,0.3268658836996834
350,0,0.0,29,0.056467108301364546,50,0.32659030886507734
351,0,0.0,27,0.05951657760065074,50,0.3263269510591029
352,0,0.0,26,0.05954561280922113,50,0.32606640223611044
353,0,0.0,26,0.05813424670880987,50,0.3257817550795782
354,0,0.0,26,0.056765194854086404,50,0.3254878389355816
355,0,0.0,26,0.055358194217740096,50,0.32520376494854597
356,0,0.0,26,0.05388350380702259,50,0.3248783054291263
357,0,0.0,24,0.056681080645941,50,0.32461104151148057
358,0,0.0,23,0.05762626081280851,50,0.32421610135905743
359,0,0.0,23,0.05616315916790921,50,0.3239917424451434
360,0,0.0,23,0.05474789101813527,50,0.32367117745765756
361,0,0.0,22,0.05572639827557891,50,0.3233436095325103
362,0,0.0,22,0.054514712365873935,50,0.32303665798565134
363,0,0.0,22,0.05324473456581866,50,0.3226744089881412
364,0,0.0,22,0.05186631949633893,50,0.3222878742199938
365,0,0.0,21,0.052875086160787746,50,0.32196240663428766
366,0,0.0,21,0.05145770289791101,50,0.3216755044664994
367,0,0.0,21,0.05002238232160443,50,0.32140418300273615
368,0,0.0,20,0.051007903343425046,50,0.32034967323265334
369,0,0.0,19,0.05247745360681648,50,0.3200778205606468
370,0,0.0,19,0.051288378490700004,50,0.31977625187382963
371,0,0.0,19,0.050030917949057285,50,0.3194958780152261
372,0,0.0,19,0.04865478972458761,50,0.3192371550986649
373,0,0.0,19,0.04738985052207915,50,0.3189452102237464
374,0,0.0,17,0.05154182969824029,50,0.31866229901954063
375,0,0.0,16,0.053344427349987254,50,0.3183867241849346
376,0,0.0,16,0.05177493774375728,50,0.3181233663789601
377,0,0.0,16,0.05014529605542206,50,0.3178628175559676
378,0,0.0,16,0.04858441501632954,50,0.3175952881246613
379,0,0.0,16,0.04696186720709991,50,0.31730137198066477
380,0,0.0,16,0.04564517291943683,50,0.3170172979936292
381,0,0.0,16,0.04437907845343019,50,0.31672612241615955
382,0,0.0,16,0.04326277344849336,50,0.3164588584985139
383,0,0.0,16,0.04216236938670105,50,0.316070175791956
384,0,0.0,16,0.04088183685411841,50,0.31567523563953287
385,0,0.0,16,0.03920426414875239,50,0.3153546706520467
386,0,0.0,14,0.04310725487050947,50,0.31508907994523344
387,0,0.0,12,0.04929071602261348,50,0.3147821283983744
388,0,0.0,11,0.05237802017651194,50,0.31441987940086435
389,0,0.0,11,0.05096023089456156,50,0.3141318151937194
390,0,0.0,11,0.04933747016045549,50,0.31384332142090815
391,0,0.0,11,0.04763074309881885,50,0.313522764045528
392,0,0.0,10,0.050684579752362124,50,0.31325144258176496
393,0,0.0,9,0.054819811105907,50,0.31300558315517607
394,0,0.0,9,0.053321648647498776,50,0.3115667861285202
395,0,0.0,9,0.051913441427590884,50,0.31123514526159496
396,0,0.0,9,0.05079979492628627,50,0.3109593519521109
397,0,0.0,8,0.05540039416117534,50,0.3106782205314172
398,0,0.0,8,0.05382827031576025,50,0.3103763687711942
399,0,0.0,8,0.05235734611365803,50,0.3100934575669882
400,0,0.0,8,0.051217802719984495,50,0.30981788273238214
401,0,0.0,8,0.04915028998654025,50,0.30955452492640756
402,0,0.0,8,0.047499188579257084,50,0.309237418615673
403,0,0.0,8,0.04586584899153008,50,0.3089698891843668
404,0,0.0,8,0.043950673657089,50,0.30867597304037003
405,0,0.0,8,0.041920044622293366,50,0.30839189905333464
406,0,0.0,8,0.04034792077687827,50,0.3081136103313683
407,0,0.0,7,0.04448975544358057,50,0.30784132811790976
408,0,0.0,7,0.042733391859897406,50,0.30757206245040175
409,0,0.0,7,0.04099732749856413,50,0.3071771222979786
410,0,0.0,7,0.038939165140986186,50,0.3068565573104925
411,0,0.0,7,0.037273061628009384,50,0.30651260462027685
412,0,0.0,7,0.0357226148502473,50,0.3062056530734177
413,0,0.0,7,0.03455088899640372,50,0.30584340407590754
414,0,0.0,6,0.039312069114527316,50,0.3055553398687627
415,0,0.0,6,0.037146910032968376,50,0.30523955270767394
416,0,0.0,6,0.0353575319470282,50,0.3049189953322939
417,0,0.0,5,0.040602468954615153,50,0.30464767386853064
418,0,0.0,5,0.03888092709813308,50,0.3044018144419419
419,0,0.0,5,0.036997465812350395,50,0.30343646468290336
420,0,0.0,5,0.035806133249354215,50,0.30310482381597803
421,0,0.0,5,0.03379630786458263,50,0.30205031404589516
422,0,0.0,4,0.04106222398850623,50,0.30175836917097687
423,0,0.0,4,0.03890832875878064,50,0.3014649236963657
424,0,0.0,4,0.03761959443253819,50,0.3011820124921598
425,0,0.0,3,0.04712082636493677,50,0.30090643765755365
426,0,0.0,3,0.045748051609379274,50,0.3006430798515794
427,0,0.0,3,0.04301112215086276,50,0.3003259735408445
428,0,0.0,2,0.06339055106198692,50,0.3000584441095383
429,0,0.0,2,0.05989079958515682,50,0.29976452796554176
430,0,0.0,2,0.058437280162765254,50,0.2994804539785062
431,0,0.0,2,0.05493752868593517,50,0.2992187206328287
432,0,0.0,2,0.0534840092635436,50,0.29894643841937035
433,0,0.0,2,0.04998425778671351,50,0.2986771727518622
434,0,0.0,2,0.048530738364321944,50,0.298282232599439
435,0,0.0,2,0.04503098688749186,50,0.2977683177785562
436,0,0.0,1,0.08772070924109718,50,0.2974243650883405
437,0,0.0,1,0.08207882345053019,50,0.29715708556782666
438,0,0.0,1,0.0764369376599632,50,0.2967948365703166
439,0,0.0,1,0.07079505186939622,50,0.2964701173803428
440,0,0.0,1,0.06515316607882923,50,0.2961543302192542
441,0,0.0,1,0.05951128028826224,50,0.29588790788458375
442,0,0.0,1,0.05386939449769524,50,0.2955355676192676
443,0,0.0,1,0.04822750870712824,50,0.2952897081926787
444,0,0.0,1,0.04258562291656124,50,0.29401980146706436
445,0,0.0,1,0.03694373712599424,50,0.29305445170802585
446,0,0.0,1,0.03130185133542724,50,0.29183614735994795
447,0,0.0,1,0.02565996554486024,50,0.2915427018853369
448,0,0.0,1,0.02001807975429324,50,0.2911679113173612
449,0,0.0,1,0.01437619396372624,50,0.29088500011315516
450,0,0.0,1,0.008734308173159242,50,0.2906094252785491
451,0,0.0,1,0.0030924223825922435,50,0.2903460674725747
452,0,0.0,0,0.0,50,0.29002896116184
453,0,0.0,0,0.0,50,0.28975643116737343
454,0,0.0,0,0.0,50,0.2894625150233767
455,0,0.0,0,0.0,50,0.28916988560313234
456,0,0.0,0,0.0,50,0.288908152257455
457,0,0.0,0,0.0,50,0.28863587004399655
458,0,0.0,0,0.0,50,0.2883666043764885
459,0,0.0,0,0.0,50,0.2876670054475578
460,0,0.0,0,0.0,50,0.2873394375224107
461,0,0.0,0,0.0,50,0.2870757200566894
462,0,0.0,0,0.0,50,0.2867645930267349
463,0,0.0,0,0.0,50,0.28640234402922493
464,0,0.0,0,0.0,50,0.2860776248392511
465,0,0.0,0,0.0,50,0.28528210357159456
466,0,0.0,0,0.0,50,0.28490372174282946
467,0,0.0,0,0.0,50,0.2846168195750412
468,0,0.0,0,0.0,50,0.28437096014845237
469,0,0.0,0,0.0,50,0.2840951668389683
470,0,0.0,0,0.0,50,0.28373542170602983
471,0,0.0,0,0.0,50,0.28344538404801783
472,0,0.0,0,0.0,50,0.28315193857340665
473,0,0.0,0,0.0,50,0.2828878338239908
474,0,0.0,0,0.0,50,0.28260492261978487
475,0,0.0,0,0.0,50,0.2823293477851788
476,0,0.0,0,0.0,50,0.28206598997920446
477,0,0.0,0,0.0,50,0.2817813428226721
478,0,0.0,0,0.0,50,0.2814538475383589
479,0,0.0,0,0.0,50,0.2811599313943623
480,0,0.0,0,0.0,50,0.280867301974118
481,0,0.0,0,0.0,50,0.28060556862844055
482,0,0.0,0,0.0,50,0.28033328641498223
483,0,0.0,0,0.0,50,0.280064020747474
484,0,0.0,0,0.0,50,0.2796690805950508
485,0,0.0,0,0.0,50,0.2793415126699037
486,0,0.0,0,0.0,50,0.27907779520418236
487,0,0.0,0,0.0,50,0.27876666817422785
488,0,0.0,0,0.0,50,0.27840441917671777
489,0,0.0,0,0.0,50,0.2780796999867439
490,0,0.0,0,0.0,49,0.2834427434076044
491,0,0.0,0,0.0,49,0.28317099358170944
492,0,0.0,0,0.0,49,0.2828777809407358
493,0,0.0,0,0.0,49,0.28262731663048085
494,0,0.0,0,0.0,49,0.2823463141874492
495,0,0.0,0,0.0,49,0.2819798025421275
496,0,0.0,0,0.0,49,0.2809050968473861
497,0,0.0,0,0.0,49,0.2799187540817315
498,0,0.0,0,0.0,49,0.2795314621165041
499,0,0.0,0,0.0,49,0.27916788143385046
500,0,0.0,0,0.0,48,0.28437838122657083
501,0,0.0,0,0.0,48,0.28410075867967627
502,0,0.0,0,0.0,48,0.28382800726111124
503,0,0.0,0,0.0,48,0.28348544738856274
504,0,0.0,0,0.0,48,0.2831778956965491
505,0,0.0,0,0.0,48,0.282873533050541
506,0,0.0,0,0.0,48,0.28259954091635414
507,0,0.0,0,0.0,48,0.2823142202368795
508,0,0.0,0,0.0,48,0.2820369123247522
509,0,0.0,0,0.0,48,0.2816242964633167
510,0,0.0,0,0.0,48,0.2813822287467552
511,0,0.0,0,0.0,48,0.28110541985417065
512,0,0.0,0,0.0,48,0.28078456459768397
513,0,0.0,0,0.0,48,0.28040592533243236
514,0,0.0,0,0.0,48,0.2800663752531713
515,0,0.0,0,0.0,48,0.27973612733963693
516,0,0.0,0,0.0,48,0.2793599595792061
517,0,0.0,0,0.0,48,0.2790841389130791
518,0,0.0,0,0.0,48,0.2776246713543718
519,0,0.0,0,0.0,48,0.2773541876187052
520,0,0.0,0,0.0,48,0.2770726388709685
521,0,0.0,0,0.0,48,0.27508025269070796
522,0,0.0,0,0.0,48,0.2747410985967229
523,0,0.0,0,0.0,48,0.27440194450273786
524,0,0.0,0,0.0,47,0.27814463095447556
525,0,0.0,0,0.0,47,0.2591303552567338
526,0,0.0,0,0.0,47,0.2588330538000899
527,0,0.0,0,0.0,47,0.25853307599323905
528,0,0.0,0,0.0,47,0.25818408209246874
529,0,0.0,0,0.0,47,0.25789332752599486
530,0,0.0,0,0.0,47,0.2576018348991055
531,0,0.0,0,0.0,47,0.2573135956564672
532,0,0.0,0,0.0,47,0.25694171408012745
533,0,0.0,0,0.0,47,0.2564233653935031
534,0,0.0,0,0.0,47,0.25498023629231803
535,0,0.0,0,0.0,47,0.2546973389180019
536,0,0.0,0,0.0,47,0.25441365829242024
537,0,0.0,0,0.0,47,0.25406436209321853
538,0,0.0,0,0.0,47,0.25372525186309414
539,0,0.0,0,0.0,47,0.253313275510204
540,0,0.0,0,0.0,47,0.25301990561821835
541,0,0.0,0,0.0,47,0.2527347833011183
542,0,0.0,0,0.0,47,0.2523579045256858
543,0,0.0,0,0.0,47,0.2520550759202024
544,0,0.0,0,0.0,47,0.25176314658147675
545,0,0.0,0,0.0,47,0.2506417482710603
546,0,0.0,0,0.0,47,0.2503209735339793
547,0,0.0,0,0.0,47,0.2499729049672768
548,0,0.0,0,0.0,47,0.24841307096432255
549,0,0.0,0,0.0,46,0.25348489215246606
550,0,0.0,0,0.0,46,0.23522509958575596
551,0,0.0,0,0.0,46,0.2349424888921095
552,0,0.0,0,0.0,46,0.23457116728798097
553,0,0.0,0,0.0,46,0.2342839567971884
554,0,0.0,0,0.0,46,0.23400036929998433
555,0,0.0,0,0.0,46,0.2336797149332981
556,0,0.0,0,0.0,46,0.23334691465125654
557,0,0.0,0,0.0,46,0.23293132530550675
558,0,0.0,0,0.0,46,0.23253947993268909
559,0,0.0,0,0.0,46,0.23225655508025958
560,0,0.0,0,0.0,46,0.23196859417973165
561,0,0.0,0,0.0,46,0.2316796996743814
562,0,0.0,0,0.0,46,0.2313237429972134
563,0,0.0,0,0.0,46,0.23101653905657998
564,0,0.0,0,0.0,46,0.23071773304312537
565,0,0.0,0,0.0,46,0.23031098582022855
566,0,0.0,0,0.0,46,0.22882749586227397
567,0,0.0,0,0.0,46,0.22851473607365216
568,0,0.0,0,0.0,46,0.22828249171259696
569,0,0.0,0,0.0,46,0.22707876439722896
570,0,0.0,0,0.0,46,0.22679622590418838
571,0,0.0,0,0.0,46,0.22643454370867183
572,0,0.0,0,0.0,46,0.22612105522136733
573,0,0.0,0,0.0,44,0.23512393422020922
574,0,0.0,0,0.0,43,0.22253764509615176
575,0,0.0,0,0.0,41,0.21734150569072744
576,0,0.0,0,0.0,41,0.21702199003896916
577,0,0.0,0,0.0,41,0.21669071283371036
578,0,0.0,0,0.0,41,0.21635950009967328
579,0,0.0,0,0.0,41,0.21604946879043635
580,0,0.0,0,0.0,41,0.21571735733743663
581,0,0.0,0,0.0,41,0.21524693224375274
582,0,0.0,0,0.0,41,0.21446426370319419
583,0,0.0,0,0.0,41,0.21416352286125429
584,0,0.0,0,0.0,41,0.21380330586223506
585,0,0.0,0,0.0,41,0.21349020842081762
586,0,0.0,0,0.0,41,0.21319648452657342
587,0,0.0,0,0.0,41,0.21285759509318933
588,0,0.0,0,0.0,41,0.21248343743922743
589,0,0.0,0,0.0,41,0.21171782130821748
590,0,0.0,0,0.0,41,0.21140767002258062
591,0,0.0,0,0.0,41,0.21102537538014995
592,0,0.0,0,0.0,41,0.2099892987579524
593,0,0.0,0,0.0,41,0.20967933932408353
594,0,0.0,0,0.0,41,0.20935695831913084
595,0,0.0,0,0.0,41,0.20891174480925817
596,0,0.0,0,0.0,40,0.21384676762327176
597,0,0.0,0,0.0,36,0.2223683565750615
598,0,0.0,0,0.0,36,0.2095598856927972
599,0,0.0,0,0.0,34,0.20977755861726524
600,0,0.0,0,0.0,34,0.19810806891186142
601,0,0.0,0,0.0,34,0.1977395331549889
602,0,0.0,0,0.0,34,0.19736727004341845
603,0,0.0,0,0.0,34,0.19709104125718305
604,0,0.0,0,0.0,34,0.1963364590849907
605,0,0.0,0,0.0,34,0.1959241511324944
606,0,0.0,0,0.0,34,0.19555255480065864
607,0,0.0,0,0.0,34,0.19519968111162095
608,0,0.0,0,0.0,34,0.19481135289497836
609,0,0.0,0,0.0,34,0.19445325584918544
610,0,0.0,0,0.0,34,0.1940508015960852
611,0,0.0,0,0.0,34,0.19369491426042248
612,0,0.0,0,0.0,34,0.19331626748451902
613,0,0.0,0,0.0,34,0.19287285990224368
614,0,0.0,0,0.0,34,0.1916551881156134
615,0,0.0,0,0.0,34,0.19139316152630184
616,0,0.0,0,0.0,34,0.1910270192866033
617,0,0.0,0,0.0,33,0.19642828635006218
618,0,0.0,0,0.0,33,0.18506489686791497
619,0,0.0,0,0.0,32,0.17990987692580726
620,0,0.0,0,0.0,30,0.18059624229366478
621,0,0.0,0,0.0,29,0.1766158039922692
622,0,0.0,0,0.0,29,0.16668443623744125
623,0,0.0,0,0.0,28,0.16288923415910386
624,0,0.0,0,0.0,28,0.15329128895605343
625,0,0.0,0,0.0,27,0.1495380087976574
626,0,0.0,0,0.0,27,0.14909118471488922
627,0,0.0,0,0.0,27,0.1486317419891172
628,0,0.0,0,0.0,27,0.14795595460194647
629,0,0.0,0,0.0,27,0.1474247800881363
630,0,0.0,0,0.0,27,0.146990602677403
631,0,0.0,0,0.0,27,0.14646349474177492
632,0,0.0,0,0.0,27,0.1459428258544762
633,0,0.0,0,0.0,27,0.14548472949769786
634,0,0.0,0,0.0,27,0.14501578941412174
635,0,0.0,0,0.0,27,0.14448597473577773
636,0,0.0,0,0.0,27,0.14394318591934632
637,0,0.0,0,0.0,27,0.14340982838044058
638,0,0.0,0,0.0,27,0.14298706746281842
639,0,0.0,0,0.0,26,0.1478710845424238
640,0,0.0,0,0.0,26,0.13858660186817354
641,0,0.0,0,0.0,25,0.13484513347389343
642,0,0.0,0,0.0,23,0.138195362389603
643,0,0.0,0,0.0,22,0.13684649108916636
644,0,0.0,0,0.0,21,0.13578589563482532
645,0,0.0,0,0.0,21,0.12870357907624191
646,0,0.0,0,0.0,20,0.12805084848063691
647,0,0.0,0,0.0,19,0.12823554179703403
648,0,0.0,0,0.0,18,0.1289732550224911
649,0,0.0,0,0.0,18,0.12263923682258299
650,0,0.0,0,0.0,18,0.11630521862267489
651,0,0.0,0,0.0,18,0.1156821560141954
652,0,0.0,0,0.0,18,0.11504997104914083
653,0,0.0,0,0.0,18,0.11409049982385386
654,0,0.0,0,0.0,18,0.11339939275515189
655,0,0.0,0,0.0,18,0.1128249322615211
656,0,0.0,0,0.0,18,0.11223106524487522
657,0,0.0,0,0.0,18,0.1115071811974715
658,0,0.0,0,0.0,18,0.11082980694414352
659,0,0.0,0,0.0,18,0.11009274127783003
660,0,0.0,0,0.0,15,0.1257624776473435
661,0,0.0,0,0.0,15,0.12021782009617986
662,0,0.0,0,0.0,13,0.13330623888022544
663,0,0.0,0,0.0,12,0.13944338917540638
664,0,0.0,0,0.0,12,0.13455192491021506
665,0,0.0,0,0.0,11,0.14213933464732123
666,0,0.0,0,0.0,11,0.13761383302333918
667,0,0.0,0,0.0,11,0.13308833139935713
668,0,0.0,0,0.0,10,0.14144721551884762
669,0,0.0,0,0.0,10,0.13724461145325034
670,0,0.0,0,0.0,10,0.13304200738765315
671,0,0.0,0,0.0,10,0.12883940332205587
672,0,0.0,0,0.0,10,0.12463679925645865
673,0,0.0,0,0.0,10,0.1204341951908614
674,0,0.0,0,0.0,10,0.11623159112526418
675,0,0.0,0,0.0,9,0.12513689712861428
676,0,0.0,0,0.0,9,0.12415564009572456
677,0,0.0,0,0.0,9,0.12304211026863279
678,0,0.0,0,0.0,9,0.12143165257952515
679,0,0.0,0,0.0,9,0.1205634579760397
680,0,0.0,0,0.0,8,0.13406367784625786
681,0,0.0,0,0.0,8,0.13044201793216872
682,0,0.0,0,0.0,7,0.1453854850515164
683,0,0.0,0,0.0,6,0.16633485106301096
684,0,0.0,0,0.0,6,0.16312268107476494
685,0,0.0,0,0.0,6,0.1599105110865189
686,0,0.0,0,0.0,6,0.15669834109827288
687,0,0.0,0,0.0,6,0.15348617111002683
688,0,0.0,0,0.0,6,0.1502740011217808
689,0,0.0,0,0.0,6,0.1470618311335348
690,0,0.0,0,0.0,6,0.14384966114528872
691,0,0.0,0,0.0,6,0.1406374911570427
692,0,0.0,0,0.0,6,0.1374253211687967
693,0,0.0,0,0.0,6,0.13421315118055063
694,0,0.0,0,0.0,6,0.1310009811923046
695,0,0.0,0,0.0,6,0.12778881120405858
696,0,0.0,0,0.0,6,0.12457664121581252
697,0,0.0,0,0.0,5,0.14599110173293053
698,0,0.0,0,0.0,5,0.14302279318990235
699,0,0.0,0,0.0,5,0.1400544846468742
700,0,0.0,0,0.0,5,0.13708617610384605
701,0,0.0,0,0.0,5,0.1359069516879809
702,0,0.0,0,0.0,5,0.13482416536111266
703,0,0.0,0,0.0,4,0.1663341722162964
704,0,0.0,0,0.0,4,0.16403425798515295
705,0,0.0,0,0.0,4,0.1617343437540095
706,0,0.0,0,0.0,3,0.21355544875055876
707,0,0.0,0,0.0,3,0.21182418019779778
708,0,0.0,0,0.0,3,0.21009291164503677
709,0,0.0,0,0.0,3,0.20836164309227578
710,0,0.0,0,0.0,3,0.2066303745395148
711,0,0.0,0,0.0,3,0.2048991059867538
712,0,0.0,0,0.0,3,0.2031678374339928
713,0,0.0,0,0.0,3,0.20143656888123182
714,0,0.0,0,0.0,3,0.1997053003284708
715,0,0.0,0,0.0,3,0.19797403177570982
716,0,0.0,0,0.0,3,0.19624276322294884
717,0,0.0,0,0.0,3,0.19451149467018783
718,0,0.0,0,0.0,3,0.19278022611742685
719,0,0.0,0,0.0,3,0.19104895756466586
720,0,0.0,0,0.0,3,0.18931768901190485
721,0,0.0,0,0.0,3,0.18758642045914387
722,0,0.0,0,0.0,3,0.18585515190638288
723,0,0.0,0,0.0,3,0.18412388335362187
724,0,0.0,0,0.0,3,0.18239261480086089
725,0,0.0,0,0.0,3,0.1806613462480999
726,0,0.0,0,0.0,3,0.17954838884619786
727,0,0.0,0,0.0,3,0.17810310811395866
728,0,0.0,0,0.0,3,0.17637183956119765
729,0,0.0,0,0.0,3,0.17464057100843666
730,0,0.0,0,0.0,3,0.17290930245567568
731,0,0.0,0,0.0,3,0.17117803390291467
732,0,0.0,0,0.0,3,0.16944676535015368
733,0,0.0,0,0.0,3,0.1677154967973927
734,0,0.0,0,0.0,3,0.1659842282446317
735,0,0.0,0,0.0,3,0.1642529596918707
736,0,0.0,0,0.0,3,0.16252169113910972
737,0,0.0,0,0.0,3,0.1607904225863487
738,0,0.0,0,0.0,3,0.15905915403358772
739,0,0.0,0,0.0,3,0.15732788548082674
740,0,0.0,0,0.0,3,0.15559661692806573
741,0,0.0,0,0.0,3,0.15386534837530474
742,0,0.0,0,0.0,3,0.15213407982254376
743,0,0.0,0,0.0,3,0.15040281126978275
744,0,0.0,0,0.0,3,0.14867154271702177
745,0,0.0,0,0.0,3,0.14694027416426078
746,0,0.0,0,0.0,3,0.14520900561149977
747,0,0.0,0,0.0,3,0.14347773705873879
748,0,0.0,0,0.0,3,0.1417464685059778
749,0,0.0,0,0.0,3,0.1400151999532168
750,0,0.0,0,0.0,3,0.1382839314004558
751,0,0.0,0,0.0,3,0.1371709739985538
752,0,0.0,0,0.0,3,0.13572569326631456
753,0,0.0,0,0.0,3,0.13399442471355358
754,0,0.0,0,0.0,3,0.13226315616079257
755,0,0.0,0,0.0,3,0.13053188760803158
756,0,0.0,0,0.0,3,0.1288006190552706
757,0,0.0,0,0.0,3,0.1270693505025096
758,0,0.0,0,0.0,3,0.1253380819497486
759,0,0.0,0,0.0,3,0.1236068133969876
760,0,0.0,0,0.0,3,0.12187554484422662
761,0,0.0,0,0.0,3,0.12014427629146562
762,0,0.0,0,0.0,3,0.11841300773870463
763,0,0.0,0,0.0,3,0.11668173918594364
764,0,0.0,0,0.0,3,0.11495047063318264
765,0,0.0,0,0.0,3,0.11321920208042163
766,0,0.0,0,0.0,3,0.11148793352766063
767,0,0.0,0,0.0,3,0.10975666497489965
768,0,0.0,0,0.0,3,0.10802539642213864
769,0,0.0,0,0.0,3,0.10629412786937764
770,0,0.0,0,0.0,3,0.10456285931661664
771,0,0.0,0,0.0,3,0.10283159076385566
772,0,0.0,0,0.0,3,0.10110032221109466
773,0,0.0,0,0.0,3,0.09936905365833365
774,0,0.0,0,0.0,3,0.09763778510557265
775,0,0.0,0,0.0,3,0.09590651655281164
776,0,0.0,0,0.0,3,0.09479355915090965
777,0,0.0,0,0.0,3,0.0933482784186704
778,0,0.0,0,0.0,3,0.09161700986590941
779,0,0.0,0,0.0,3,0.0898857413131484
780,0,0.0,0,0.0,3,0.0881544727603874
781,0,0.0,0,0.0,3,0.08642320420762639
782,0,0.0,0,0.0,3,0.0846919356548654
783,0,0.0,0,0.0,3,0.08296066710210441
784,0,0.0,0,0.0,3,0.08122939854934341
785,0,0.0,0,0.0,3,0.07949812999658241
786,0,0.0,0,0.0,3,0.07776686144382142
787,0,0.0,0,0.0,3,0.07603559289106043
788,0,0.0,0,0.0,3,0.07430432433829944
789,0,0.0,0,0.0,3,0.07257305578553842
790,0,0.0,0,0.0,3,0.07084178723277744
791,0,0.0,0,0.0,3,0.06911051868001644
792,0,0.0,0,0.0,3,0.06737925012725544
793,0,0.0,0,0.0,3,0.06564798157449446
794,0,0.0,0,0.0,3,0.06391671302173346
795,0,0.0,0,0.0,3,0.06218544446897247
796,0,0.0,0,0.0,2,0.09081595545590104
797,0,0.0,0,0.0,2,0.08913932622905488
798,0,0.0,0,0.0,2,0.08746269700220874
799,0,0.0,0,0.0,2,0.08578606777536257
800,0,0.0,0,0.0,2,0.08410943854851644
801,0,0.0,0,0.0,2,0.0829505213099253
802,0,0.0,0,0.0,2,0.08127389208307917
803,0,0.0,0,0.0,2,0.079597262856233
804,0,0.0,0,0.0,2,0.07792063362938687
805,0,0.0,0,0.0,2,0.0762440044025407
806,0,0.0,0,0.0,2,0.07456737517569456
807,0,0.0,0,0.0,2,0.0728907459488484
808,0,0.0,0,0.0,2,0.07121411672200224
809,0,0.0,0,0.0,2,0.06953748749515609
810,0,0.0,0,0.0,2,0.06786085826830993
811,0,0.0,0,0.0,2,0.06618422904146377
812,0,0.0,0,0.0,2,0.06450759981461762
813,0,0.0,0,0.0,2,0.06283097058777147
814,0,0.0,0,0.0,2,0.06115434136092531
815,0,0.0,0,0.0,2,0.05947771213407915
816,0,0.0,0,0.0,2,0.057801082907233
817,0,0.0,0,0.0,2,0.05612445368038685
818,0,0.0,0,0.0,2,0.05444782445354069
819,0,0.0,0,0.0,2,0.05277119522669453
820,0,0.0,0,0.0,2,0.05109456599984838
821,0,0.0,0,0.0,2,0.04941793677300223
822,0,0.0,0,0.0,2,0.04774130754615607
823,0,0.0,0,0.0,2,0.04606467831930991
824,0,0.0,0,0.0,2,0.044388049092463744
825,0,0.0,0,0.0,2,0.042711419865617585
826,0,0.0,0,0.0,2,0.041552502627026464
827,0,0.0,0,0.0,2,0.039875873400180305
828,0,0.0,0,0.0,2,0.038199244173334146
829,0,0.0,0,0.0,2,0.03652261494648798
830,0,0.0,0,0.0,2,0.034845985719641814
831,0,0.0,0,0.0,2,0.033169356492795656
832,0,0.0,0,0.0,2,0.0314927272659495
833,0,0.0,0,0.0,2,0.029816098039103334
834,0,0.0,0,0.0,2,0.028139468812257172
835,0,0.0,0,0.0,2,0.026462839585411013
836,0,0.0,0,0.0,2,0.02478621035856485
837,0,0.0,0,0.0,2,0.023109581131718692
838,0,0.0,0,0.0,2,0.02143295190487253
839,0,0.0,0,0.0,2,0.01975632267802637
840,0,0.0,0,0.0,2,0.01807969345118021
841,0,0.0,0,0.0,1,0.03399199010000187
842,0,0.0,0,0.0,1,0.03244256841831192
843,0,0.0,0,0.0,1,0.03089314673662197
844,0,0.0,0,0.0,1,0.029343725054932025
845,0,0.0,0,0.0,1,0.02779430337324208
846,0,0.0,0,0.0,1,0.026244881691552133
847,0,0.0,0,0.0,1,0.024695460009862186
848,0,0.0,0,0.0,1,0.02314603832817224
849,0,0.0,0,0.0,1,0.021596616646482294
850,0,0.0,0,0.0,1,0.020047194964792348
851,0,0.0,0,0.0,1,0.0184977732831024
852,0,0.0,0,0.0,1,0.016948351601412455
853,0,0.0,0,0.0,1,0.015398929919722509
854,0,0.0,0,0.0,1,0.013849508238032564
855,0,0.0,0,0.0,1,0.01230008655634262
856,0,0.0,0,0.0,1,0.010750664874652675
857,0,0.0,0,0.0,1,0.00920124319296273
858,0,0.0,0,0.0,1,0.007651821511272785
859,0,0.0,0,0.0,1,0.00610239982958284
860,0,0.0,0,0.0,1,0.004552978147892894
861,0,0.0,0,0.0,1,0.0030035564662029487
862,0,0.0,0,0.0,1,0.0014541347845130031
863,0,0.0,0,0.0,0,0.0
864,0,0.0,0,0.0,0,0.0
865,0,0.0,0,0.0,0,0.0
866,0,0.0,0,0.0,0,0.0
867,0,0.0,0,0.0,0,0.0
868,0,0.0,0,0.0,0,0.0
869,0,0.0,0,0.0,0,0.0
870,0,0.0,0,0.0,0,0.0
871,0,0.0,0,0.0,0,0.0
872,0,0.0,0,0.0,0,0.0
873,0,0.0,0,0.0,0,0.0
874,0,0.0,0,0.0,0,0.0
875,0,0.0,0,0.0,0,0.0
876,0,0.0,0,0.0,0,0.0
877,0,0.0,0,0.0,0,0.0
878,0,0.0,0,0.0,0,0.0
879,0,0.0,0,0.0,0,0.0
880,0,0.0,0,0.0,0,0.0
881,0,0.0,0,0.0,0,0.0
882,0,0.0,0,0.0,0,0.0
883,0,0.0,0,0.0,0,0.0
884,0,0.0,0,0.0,0,0.0
885,0,0.0,0,0.0,0,0.0
886,0,0.0,0,0.0,0,0.0
887,0,0.0,0,0.0,0,0.0
888,0,0.0,0,0.0,0,0.0
889,0,0.0,0,0.0,0,0.0
890,0,0.0,0,0.0,0,0.0
891,0,0.0,0,0.0,0,0.0
892,0,0.0,0,0.0,0,0.0
893,0,0.0,0,0.0,0,0.0
894,0,0.0,0,0.0,0,0.0
895,0,0.0,0,0.0,0,0.0
896,0,0.0,0,0.0,0,0.0
897,0,0.0,0,0.0,0,0.0
898,0,0.0,0,0.0,0,0.0
899,0,0.0,0,0.0,0,0.0
900,0,0.0,0,0.0,0,0.0
901,0,0.0,0,0.0,0,0.0
902,0,0.0,0,0.0,0,0.0
903,0,0.0,0,0.0,0,0.0
904,0,0.0,0,0.0,0,0.0
905,0,0.0,0,0.0,0,0.0
906,0,0.0,0,0.0,0,0.0
907,0,0.0,0,0.0,0,0.0
908,0,0.0,0,0.0,0,0.0
909,0,0.0,0,0.0,0,0.0
910,0,0.0,0,0.0,0,0.0
911,0,0.0,0,0.0,0,0.0
912,0,0.0,0,0.0,0,0.0
913,0,0.0,0,0.0,0,0.0
914,0,0.0,0,0.0,0,0.0
915,0,0.0,0,0.0,0,0.0
916,0,0.0,0,0.0,0,0.0
917,0,0.0,0,0.0,0,0.0
918,0,0.0,0,0.0,0,0.0
919,0,0.0,0,0.0,0,0.0
920,0,0.0,0,0.0,0,0.0
921,0,0.0,0,0.0,0,0.0
922,0,0.0,0,0.0,0,0.0
923,0,0.0,0,0.0,0,0.0
924,0,0.0,0,0.0,0,0.0
925,0,0.0,0,0.0,0,0.0
926,0,0.0,0,0.0,0,0.0
927,0,0.0,0,0.0,0,0.0
928,0,0.0,0,0.0,0,0.0
929,0,0.0,0,0.0,0,0.0
930,0,0.0,0,0.0,0,0.0
931,0,0.0,0,0.0,0,0.0
932,0,0.0,0,0.0,0,0.0
933,0,0.0,0,0.0,0,0.0
934,0,0.0,0,0.0,0,0.0
935,0,0.0,0,0.0,0,0.0
936,0,0.0,0,0.0,0,0.0
937,0,0.0,0,0.0,0,0.0
938,0,0.0,0,0.0,0,0.0
939,0,0.0,0,0.0,0,0.0
940,0,0.0,0,0.0,0,0.0
941,0,0.0,0,0.0,0,0.0
942,0,0.0,0,0.0,0,0.0
943,0,0.0,0,0.0,0,0.0
944,0,0.0,0,0.0,0,0.0
945,0,0.0,0,0.0,0,0.0
946,0,0.0,0,0.0,0,0.0
947,0,0.0,0,0.0,0,0.0
948,0,0.0,0,0.0,0,0.0
949,0,0.0,0,0.0,0,0.0
950,0,0.0,0,0.0,0,0.0
951,0,0.0,0,0.0,0,0.0
952,0,0.0,0,0.0,0,0.0
953,0,0.0,0,0.0,0,0.0
954,0,0.0,0,0.0,0,0.0
955,0,0.0,0,0.0,0,0.0
956,0,0.0,0,0.0,0,0.0
957,0,0.0,0,0.0,0,0.0
958,0,0.0,0,0.0,0,0.0
959,0,0.0,0,0.0,0,0.0
960,0,0.0,0,0.0,0,0.0
961,0,0.0,0,0.0,0,0.0
962,0,0.0,0,0.0,0,0.0
963,0,0.0,0,0.0,0,0.0
964,0,0.0,0,0.0,0,0.0
965,0,0.0,0,0.0,0,0.0
966,0,0.0,0,0.0,0,0.0
967,0,0.0,0,0.0,0,0.0
968,0,0.0,0,0.0,0,0.0
969,0,0.0,0,0.0,0,0.0
970,0,0.0,0,0.0,0,0.0
971,0,0.0,0,0.0,0,0.0
972,0,0.0,0,0.0,0,0.0
973,0,0.0,0,0.0,0,0.0
974,0,0.0,0,0.0,0,0.0
975,0,0.0,0,0.0,0,0.0
976,0,0.0,0,0.0,0,0.0
977,0,0.0,0,0.0,0,0.0
978,0,0.0,0,0.0,0,0.0
979,0,0.0,0,0.0,0,0.0
980,0,0.0,0,0.0,0,0.0
981,0,0.0,0,0.0,0,0.0
982,0,0.0,0,0.0,0,0.0
983,0,0.0,0,0.0,0,0.0
984,0,0.0,0,0.0,0,0.0
985,0,0.0,0,0.0,0,0.0
986,0,0.0,0,0.0,0,0.0
987,0,0.0,0,0.0,0,0.0
988,0,0.0,0,0.0,0,0.0
989,0,0.0,0,0.0,0,0.0
990,0,0.0,0,0.0,0,0.0
991,0,0.0,0,0.0,0,0.0
992,0,0.0,0,0.0,0,0.0
993,0,0.0,0,0.0,0,0.0
994,0,0.0,0,0.0,0,0.0
995,0,0.0,0,0.0,0,0.0
996,0,0.0,0,0.0,0,0.0
997,0,0.0,0,0.0,0,0.0
998,0,0.0,0,0.0,0,0.0
999,0,0.0,0,0.0,0,0.0
1000,0,0.0,0,0.0,0,0.0
