Round,LEACH,PEGASIS,HYBRID,PSO_HYBRID
1,0.49706825645600156,0.49840280131445136,0.49847858825239233,0.6988955886851633
2,0.49359059971607144,0.49688634459791703,0.49700712585691853,0.697707446265762
3,0.4906773801459002,0.4954401431680167,0.49603383790592004,0.6962679412786185
4,0.4884670786056183,0.49407060099190026,0.49465736709057134,0.6948180146246122
5,0.486611272735576,0.49264988726115455,0.4939169438953643,0.6937409329237325
6,0.48453771576497906,0.4912101725049293,0.49258486836893994,0.6924350890132441
7,0.4825965170904206,0.4897090476190855,0.49049787149492813,0.6911515872497037
8,0.47964179125533896,0.4883240382429411,0.4901102603294985,0.6902275733235484
9,0.47650001057150865,0.4869973162913725,0.48900144937231826,0.6888202575995643
10,0.4740689569976052,0.48573218817503167,0.48780973010175616,0.6876556311835748
11,0.4717479883553269,0.48445195649105116,0.4870908354169594,0.686273559343077
12,0.4693372208501135,0.4832892840621955,0.486735123328826,0.6850881507901646
13,0.4669881719574128,0.48210583527072054,0.48632258527648803,0.6839698312469953
14,0.4644048420329526,0.48096791499663993,0.4858611052592488,0.6827552535045771
15,0.4624184976360203,0.47986810632017374,0.48526612354622595,0.6813974918841885
16,0.4594942922985366,0.4787864756865116,0.48413399967810733,0.6804320901095012
17,0.4558731584135011,0.47769888089623186,0.48272355131099703,0.6790832806884158
18,0.4532121896878483,0.4765899528053263,0.4804199783716181,0.6777297217344878
19,0.4494593925835876,0.4754952188679385,0.4782832888242574,0.6767200303547088
20,0.4476362735462971,0.47439921463608686,0.4756334498413154,0.6757995120758626
21,0.44514436062670515,0.47326134688399213,0.4738868002906837,0.674533723627174
22,0.44219322755779616,0.47211056535022783,0.47300787808336137,0.6731965858970649
23,0.4393934485234833,0.47091098259644587,0.47198516733388796,0.6719577751565049
24,0.43640314202904074,0.4696842558047306,0.47143685914369,0.6708128879013145
25,0.43347362582572835,0.46842725727226486,0.4707779160176297,0.6697358155012734
26,0.42863651982362433,0.46718291060196393,0.47047220902182674,0.6685382170990779
27,0.42582380926464525,0.46580402324269454,0.47016650202602406,0.667138047562031
28,0.42375318334781203,0.4643401842763465,0.4696714536456838,0.666168756288738
29,0.4217623006206216,0.46300839564524393,0.46920831965927756,0.665192211386368
30,0.4202099266354983,0.46161195157919926,0.4686165484948448,0.6641984983700014
31,0.41734011507764107,0.4602069292409844,0.4681455484511812,0.6630263027097925
32,0.41462060325877226,0.4588233091427909,0.4677645333941183,0.6619770249391622
33,0.41170754650968666,0.45755594166408264,0.4670911610294446,0.6610322202732142
34,0.40942754029652223,0.45629415449421,0.46622382170810023,0.6596298088112753
35,0.4074853916222907,0.45509999247132255,0.46468457494945964,0.6585403630040296
36,0.40538738105380745,0.45402680264584655,0.46288627213608435,0.657542009222845
37,0.40245831709092594,0.4529752856580743,0.46134450572932606,0.6561874636944838
38,0.39965176797431307,0.4519256117909034,0.4594500015686394,0.6551365449477449
39,0.397853247238588,0.4508716602840015,0.4574650973270181,0.654290106802574
40,0.3957949624951425,0.44979409392075065,0.4550039080746495,0.6533919967196737
41,0.3927102858956209,0.4487034556562901,0.453100618834352,0.6520441641479838
42,0.3898095463095836,0.4476047629556233,0.45209513402526547,0.6506882507557968
43,0.3872937385924074,0.44646078968747227,0.45128025099475794,0.6496630698708898
44,0.38476812227934387,0.44529071435874656,0.4508321021568646,0.6485393680175732
45,0.3821338361051933,0.44399504319466326,0.4504570853401402,0.6475581152368184
46,0.380027729715433,0.4427468594205021,0.45011384687866063,0.6466858562522243
47,0.37757238861252157,0.4416123021866204,0.44965331078860893,0.6451885147208878
48,0.37586784551117197,0.4405046253886465,0.4490851551496323,0.6440744554505352
49,0.3739530269020838,0.43940232985627653,0.4475673910541705,0.6433874047453615
50,0.37230144201062215,0.43837104681389283,0.4469897695460842,0.6423282002866744
51,0.36964497881766667,0.4373399972141327,0.445904087492303,0.6407084973814453
52,0.3671900964509205,0.43632135808653777,0.44501665008543173,0.6395252054564883
53,0.3654739225967418,0.43529105207343816,0.4436639635240829,0.6382886864009165
54,0.36295374373502276,0.4342515741972025,0.44161087078061817,0.6368796511015126
55,0.35917606096993077,0.4332089910972586,0.4398686740937975,0.6356433111828622
56,0.357207657871964,0.4322090427507846,0.43834808038013057,0.634608437010979
57,0.35338661566543356,0.4312188566131592,0.43607501879280997,0.6336180060203749
58,0.35125107935923194,0.43022685712720504,0.4341149601627945,0.632479640678595
59,0.34910448107175235,0.42924043408860496,0.4318298959627614,0.6312458844132187
60,0.3462767324585658,0.42826451985100694,0.4290738850797322,0.6302632043661803
61,0.3440388423005459,0.42729445940061617,0.428213001404311,0.6292917254685606
62,0.34041134071653395,0.42632132375548315,0.42772857031316724,0.627835439350116
63,0.33842348907687275,0.42533779262217586,0.42730822438959776,0.6263471005894385
64,0.33550845253365624,0.4243516286565729,0.42654727541886067,0.6252876549962437
65,0.33314080800800805,0.4233659385792976,0.4254281863192217,0.6242317989501917
66,0.3308838562608487,0.42237962812086993,0.4245578376542715,0.6228623958958217
67,0.3287475513908051,0.42138351544433894,0.4241240721802727,0.6215790986596833
68,0.32552317106325,0.4203868270145833,0.423565594799496,0.6200677089987627
69,0.3235693165997059,0.4194071570763491,0.42297342201742444,0.6190726693322928
70,0.3200651950703528,0.41843784818141716,0.42226107056786044,0.6178991910196036
71,0.3181594239707886,0.4174651048202373,0.4212077111478989,0.6168472853567782
72,0.31409829744676965,0.4164988348463695,0.41979076162624746,0.6154693722983609
73,0.3123865394280183,0.41552588589168754,0.4184058182584266,0.6139486750062548
74,0.3100339987617693,0.4145492530540903,0.4168738652852897,0.6128520140529211
75,0.30761123090471476,0.41357067158946725,0.41521389491622296,0.6119681921347571
76,0.30475280647643016,0.4125822888090345,0.4130972234077398,0.6106406647237814
77,0.3029581640165365,0.4116024950073836,0.41088786023774987,0.6097445090648812
78,0.3003519287932954,0.41061391728014485,0.4084955237923622,0.6085934272715333
79,0.2986589761762009,0.40962586531130674,0.40604550532917144,0.6071904638484934
80,0.29664072422730875,0.4086273927652112,0.4032095330857839,0.6062520009251368
81,0.29353011297239123,0.4076236985646943,0.4026287657891523,0.6048557808625167
82,0.2910957724609208,0.40660323866550835,0.40221989869124763,0.6040304839546703
83,0.28850831133330934,0.40559762378685904,0.4018316155129024,0.603055835303225
84,0.28531633687830066,0.40459625569817104,0.40138309221342267,0.60168994406044
85,0.28359825548296586,0.40358976978011574,0.40095361971526194,0.6004301054041947
86,0.2800265163477819,0.40258787975678345,0.39993012132207406,0.598962627241196
87,0.2784477961593601,0.40157894668291866,0.39917958362435735,0.5975109370664123
88,0.2756105666093771,0.40053526985088206,0.39843472782732187,0.5965422859178591
89,0.27055392646711995,0.39948327102479037,0.3977269622657555,0.5951519160524071
90,0.2715148701548586,0.39833737202338587,0.3969161397091358,0.5941788898506276
91,0.26878739861942424,0.39730185850447325,0.39565211641939696,0.5931079380752418
92,0.26913895621414485,0.39626901677367454,0.3944777870585428,0.5917269623318911
93,0.2658729239852934,0.39528417552677975,0.3932502782214698,0.5904366193814696
94,0.2634046594214673,0.3942719256758035,0.3915477730248887,0.589487284576827
95,0.26085629716580433,0.393266085683703,0.39005432241528093,0.5881787434223711
96,0.25882462874822715,0.39222681859919845,0.3881479219693988,0.5870158266014586
97,0.2565137621342321,0.39118445429864673,0.3859906136589935,0.586108378953059
98,0.25448699982864187,0.3901191772564134,0.38368628250627623,0.5848548535655668
99,0.25182370958702194,0.389052744000835,0.3811443706866723,0.5839621351174558
100,0.24965624842571013,0.3875891047753371,0.37822521343995663,0.5829065374073652
101,0.247474800738066,0.38599190608978845,0.3778605754921852,0.5817428860611977
102,0.24713732267762425,0.38447544937325373,0.37741670805956473,0.5808954544177383
103,0.24381317133495606,0.38302924794335375,0.37669236261051026,0.5796799381902996
104,0.24375694945032145,0.38165970576723746,0.37624350724381117,0.5783840260181502
105,0.2410974973399628,0.3802389920364917,0.3757971734291112,0.5774971653009472
106,0.23847103254029703,0.3787992772802663,0.3752659161984223,0.5762041530424057
107,0.23691857070229838,0.37729815239442255,0.37465500840604676,0.5748196617159915
108,0.23688180437524667,0.3759131430182784,0.37386746059661013,0.5734427397291095
109,0.2346814919822527,0.3745864210667096,0.3731762398244238,0.5725811129942308
110,0.22843356257048913,0.3733212929503688,0.37219404306536347,0.5717326980548894
111,0.22955704204789332,0.372041061266388,0.3713149353928472,0.5709837957725802
112,0.22670093267924238,0.37087838883753244,0.3704068649405482,0.5698666572085661
113,0.22413728887481332,0.3696949400460578,0.36926503612986167,0.568149790883323
114,0.22407587124469003,0.3685570197719772,0.36783199172985037,0.5673918817380748
115,0.2242749934681549,0.36745721109551077,0.3662867035599468,0.566561658078917
116,0.2223043612947997,0.3663755804618485,0.36422587425446934,0.5655557545260708
117,0.2203320100678524,0.36528798567156884,0.3621392120285785,0.564287936828148
118,0.2186110109379999,0.3641790575806635,0.3598143917582471,0.5632686483291883
119,0.2170321994266689,0.36308432364327553,0.35728523569270765,0.5622220640797373
120,0.2153040553388618,0.36198831941142395,0.354366078445992,0.5611738540774782
121,0.21523484395766657,0.3608504516593291,0.3540261798895905,0.5598429264414156
122,0.2150777879312017,0.35969967012556503,0.3536334319321701,0.5585642246938652
123,0.21278937999763306,0.358500087371783,0.35320461093887034,0.5574560451426125
124,0.21050203393681527,0.35727336058006787,0.3528141560871657,0.556338525216105
125,0.20862419869116638,0.35601636204760206,0.3524305984202964,0.5554188060835031
126,0.20613070248868812,0.354772015377301,0.35199601927103985,0.5545357248077863
127,0.20546761615822365,0.35339312801803174,0.3514878744814813,0.5536209583302835
128,0.20572656624691205,0.3519292890516838,0.35071042230570026,0.5522912923054915
129,0.20642129571500062,0.3505975004205812,0.34973792226240485,0.5511959455426287
130,0.2042220207730122,0.34920105635453647,0.3486830647844385,0.5499840324589351
131,0.20169960042910973,0.34779603401632153,0.34699521103730274,0.5488591729373967
132,0.19950220266069102,0.346412413918128,0.34544730817564245,0.5473615926540046
133,0.2020599543580202,0.3451450464394197,0.34420165558406846,0.5461103908610123
134,0.20546367275525243,0.34388325926954705,0.34286637846016504,0.5446893100879477
135,0.20352224083567905,0.34268909724665947,0.3415311013362621,0.5437967672679178
136,0.203990386749074,0.3416159074211836,0.3396993186741533,0.5428709090990507
137,0.2044444770691812,0.3405643904334113,0.3375723127511585,0.5416642528816535
138,0.20691146108378597,0.3395147165662406,0.3351758251524102,0.5404089235875985
139,0.2053979326034523,0.33846076505933886,0.3326466690868707,0.5393244243661718
140,0.20386570997895506,0.3373831986960875,0.34845662109122255,0.5383363090351296
141,0.2011777588819614,0.33629256043162703,0.34818004003214265,0.5374882224909902
142,0.20143558269456105,0.3351938677309603,0.3475697175241011,0.5363970333891276
143,0.1990368474607658,0.3340498944628093,0.34718814649971325,0.5350265586704981
144,0.19596022232411311,0.33287981913408354,0.34678094906810125,0.5336174196086169
145,0.194306221140118,0.33158414797000035,0.345847400647758,0.5325590134574913
146,0.1924474671641666,0.33033596419583916,0.3452926416672279,0.5316559921685595
147,0.19089200330280479,0.32920140696195754,0.34466737542471576,0.530100558223126
148,0.18857515764429467,0.32809373016398324,0.34342795783273533,0.5289201670576594
149,0.18685405424028664,0.3269914346316136,0.34269511442617245,0.5282752464946138
150,0.18520447930090875,0.32596015158923003,0.3414884922684043,0.5272827798924191
151,0.18279778464681964,0.32492910198946967,0.34000666262157114,0.5258804894126714
152,0.18334805054384398,0.3239104628618747,0.33819371582963415,0.5248123177560025
153,0.18161625187902047,0.3228801568487756,0.3367308913968727,0.523509311925465
154,0.17947063377549294,0.3218406789725395,0.33523746708859675,0.5223805782182067
155,0.18005948964678084,0.3207980958725956,0.33374404278032055,0.5212822069867336
156,0.17776408797967944,0.3197981475261215,0.3319293608195362,0.5202824383861429
157,0.17775279814837128,0.3188079613884961,0.329765643998939,0.5194841278362123
158,0.1783011867599468,0.31781596190254185,0.3272505547212428,0.5186751291439805
159,0.17652644713808482,0.31682953886394216,0.3317151915355758,0.5180408213873915
160,0.17773307368143137,0.315853624626344,0.3317151915355758,0.5165486005631909
161,0.17489480208180613,0.3148835641759531,0.3313673158322245,0.5150730356696609
162,0.17524116930866945,0.3139104285308203,0.3310021491659584,0.5139434301852733
163,0.1734792342312577,0.3129268973975127,0.3306111284194383,0.5128895716843894
164,0.1719610417836992,0.3119407334319101,0.3301639944956762,0.5117908412931771
165,0.1723302332918313,0.314097244768798,0.3296885107653012,0.5108178120192085
166,0.1704280782340774,0.3131093645888697,0.32922767471559217,0.5095935923739774
167,0.16868471400978327,0.3121209028400277,0.32861725956957166,0.5082888577996276
168,0.1670021895169169,0.3111496314866619,0.3279834403982835,0.5066990059156449
169,0.16624385295847743,0.3101888258336014,0.32722847392205123,0.5053021841255974
170,0.16425437160798032,0.3092245510227148,0.32616037814862847,0.5040142271440984
171,0.16207287270172524,0.3082668149868908,0.32460193370901824,0.5030430743029957
172,0.16237316008124014,0.3073023325057998,0.32296417801179955,0.5021262386094754
173,0.16115197187753183,0.3063341289308549,0.3209066223214614,0.5011988888447622
174,0.16191749630098876,0.3053639570457835,0.31896431243767415,0.5001995650921063
175,0.15989420289409909,0.30438388484171225,0.3172290932664889,0.49899889526170355
176,0.1580036574290054,0.3034124883737836,0.31507864097368316,0.49777021208191
177,0.15597661403728505,0.3024322192537471,0.31272339192020954,0.49643390973759643
178,0.15423152325272388,0.30145248120280116,0.31010898733531883,0.4954505208211629
179,0.15259999983974606,0.30046221731624234,0.31989031211222435,0.49457795362381796
180,0.1511806876786684,0.29946667903127766,0.31989031211222435,0.49352250048402724
181,0.15186767049678987,0.29845420569715275,0.3195866693427857,0.4922900864871632
182,0.1526957028118394,0.29745672733326617,0.31915794652732526,0.4916715341483009
183,0.150782222058235,0.29646353865620995,0.3186932524125986,0.4907330537403953
184,0.1512489526651614,0.2954651804545399,0.31815985919517104,0.4894903525077362
185,0.1520542137807282,0.29447146457077206,0.31761107963388796,0.48852673721739387
186,0.15531764545878832,0.29347063449454674,0.31716435649346825,0.4874073536788459
187,0.15469705999642647,0.2924347097130981,0.31659857266081415,0.4866306777583558
188,0.1514024245084681,0.29139037887704755,0.3159766567031133,0.49056997436927247
189,0.14981376460640564,0.29025119937906513,0.31536136191208247,0.4898029354235038
190,0.14831931660619557,0.2892235203684487,0.31438124133556483,0.4889612994873086
191,0.14645606928842642,0.2881985401337046,0.3129103967586071,0.48803540155931296
192,0.14489084079381767,0.28719435977756874,0.3107541105785899,0.4870505874073645
193,0.14314474186175416,0.28619665402635847,0.3091772376118201,0.4862721966945944
194,0.14338896924548594,0.28516518353534576,0.30733038019851716,0.48564526619771436
195,0.14439523722139103,0.28413058454327506,0.30514724167906443,0.4846269479997028
196,0.1424768571704178,0.2830728413676882,0.30282494625880607,0.48390112315775236
197,0.14089840964449854,0.28201393029983307,0.3003899038371309,0.4830843128056521
198,0.13793413349824632,0.28055380108054456,0.3163851953539658,0.48213438603649106
199,0.13613684720063474,0.2789587633157499,0.3163851953539658,0.4813741661747613
200,0.1359362242357714,0.2774452830954143,0.3163851953539658,0.48070002146687435
201,0.13400079006399665,0.27600276781107264,0.3160661095488559,0.47989721871226676
202,0.1323355200758474,0.27463768611641143,0.31567423676120093,0.47884470548496666
203,0.13074527630421343,0.2732209159827312,0.3152995916451623,0.4779096035478627
204,0.13165810575477768,0.2717849528940205,0.31475669793253475,0.4770847428823385
205,0.12976913803550744,0.2702869593713522,0.3142581239865049,0.47597902377300405
206,0.1300416078937617,0.2689062542423198,0.31385646269556505,0.4752298196700737
207,0.13123291829633518,0.267584425299727,0.31325992991211876,0.4745162477056125
208,0.12982616135771508,0.26632481235231426,0.3124991651475414,0.47369484704288123
209,0.12686855996287627,0.26504994327597226,0.3117492729963377,0.4730611555708025
210,0.12256288060394288,0.2638938209219787,0.3107613366028538,0.47241921360588296
211,0.12096258402305451,0.26271671234311716,0.30945620075819213,0.4714576927374074
212,0.11934514773216273,0.26158559216566435,0.3078284667751642,0.47060361890935704
213,0.1175683732325164,0.2604929685514579,0.3056197923013667,0.4699508648439486
214,0.11567445497792697,0.25941870659664973,0.3036041982294807,0.4692923921892787
215,0.1140741865768132,0.2583384202412176,0.3013063215639486,0.4683549092412915
216,0.11245023838253596,0.2572365850972747,0.2987126984547384,0.4674585990667664
217,0.10984652309867485,0.2561490874821377,0.299775800858773,0.4667565762748756
218,0.10688580990002783,0.2550603067412795,0.299775800858773,0.46568308751059595
219,0.10543723943376242,0.2539292396163373,0.299775800858773,0.4647773951885812
220,0.10107407530410256,0.2527851282674865,0.299775800858773,0.46396488886389964
221,0.0996307124314424,0.25159172275700187,0.2994767667421653,0.46329344322073746
222,0.09756870405909694,0.2503708990263824,0.29912297548834194,0.4625466625911353
223,0.09590094277244723,0.2491194977798534,0.2987444656960238,0.4615597451303448
224,0.09453171395904271,0.24788087619207674,0.2981994753893347,0.46079343958783436
225,0.09288106799699737,0.24650635491847336,0.2975657961941766,0.45985863681737194
226,0.09141557543876458,0.24504602394075017,0.29715995757399216,0.45906822932718067
227,0.08840286006496276,0.24371907714004248,0.29655736746607586,0.45839054805681106
228,0.08888839187723936,0.24232682181919143,0.2958957648149494,0.4574722491645298
229,0.09042557764619781,0.24092590157695612,0.29522722659023404,0.4568151393102152
230,0.09081449752316607,0.2395465997589851,0.2943373247361473,0.45583045610709577
231,0.09140197559870741,0.23828472482938273,0.2930388134542018,0.4548894404925773
232,0.08999370442142253,0.2370284865753721,0.29140618779223837,0.45422772444073695
233,0.08820836401412842,0.2358405565506393,0.289725331673623,0.4533114903549404
234,0.08501014293508317,0.23477482066470606,0.287925036384691,0.45219287175118594
235,0.08352113131652085,0.23373097653402905,0.2856412086304775,0.4513109873932263
236,0.08380055162357021,0.23268899414133318,0.2831303637237805,0.45042424868206327
237,0.08231932438656038,0.23164269090042444,0.2968965377414793,0.4495272534607962
238,0.08457388452087573,0.2305725342692637,0.2968965377414793,0.44873388293743727
239,0.08522736398177846,0.22948917369748745,0.2968965377414793,0.44779904033212126
240,0.08374562234007064,0.22839767733156338,0.2968965377414793,0.4467771040823802
241,0.08198815140746205,0.2272604430186857,0.29652798515020945,0.44588423426364376
242,0.08278711935099327,0.22609684298805557,0.2961589939935686,0.44512978831942446
243,0.08085041918502942,0.22480637847726678,0.29576879803193357,0.4444904431111482
244,0.07916488253184947,0.2235638810270049,0.2952676487534183,0.44358615547744795
245,0.07984709294364128,0.22243615785985374,0.29460459049675153,0.44287622551982747
246,0.0777769495893477,0.2213355866481647,0.29409117478909863,0.4421605315305739
247,0.07629551191878978,0.22024045105829845,0.2934616536917448,0.44149213450353414
248,0.07465589757266641,0.2192170452562967,0.2927696463231363,0.440751074945384
249,0.07335923425660819,0.218193875254925,0.29207030111892507,0.43977677331126946
250,0.0681883872332985,0.21718324108402282,0.2911271988597311,0.4389147159983166
251,0.06647928334835049,0.2161608221802882,0.2897706674011712,0.43816209831871333
252,0.06614472027361389,0.21512913876833478,0.2880901724964874,0.43732644968946094
253,0.06479237607130764,0.21409431876677737,0.2864531814892554,0.4364801499022708
254,0.06697810555667562,0.2131025641727652,0.28463963979613627,0.4356737614406976
255,0.0674622934368332,0.2121206703957721,0.2822450340468352,0.4349585972030396
256,0.07231861469276148,0.21113694495380006,0.2913525897617095,0.43386023066699597
257,0.07001044385877898,0.2101588522869336,0.2913525897617095,0.4331040564639973
258,0.07011136981309918,0.20919137457057405,0.2913525897617095,0.432353689533026
259,0.06807764192332491,0.20822980977058533,0.2913525897617095,0.43161626786384827
260,0.06630136371238243,0.2072651387132814,0.2913525897617095,0.4306551218676905
261,0.06470342912479418,0.20628996716287176,0.290971616916783,0.42995028696564347
262,0.06800724377915392,0.20531213618590133,0.29055006978856457,0.4291587074775656
263,0.06638692999737913,0.20433478388400922,0.29014585496420486,0.42824176729680563
264,0.06434571770897173,0.20335680493448832,0.289627129011779,0.4275124113152625
265,0.065132385927617,0.20236892475456011,0.28901464084896195,0.42687148483347376
266,0.06629195963488618,0.201380463005718,0.28848314620591103,0.4259350666954047
267,0.06493195413851141,0.20040919165235213,0.28783249474396694,0.42514757908948314
268,0.06705343921428944,0.20148901714364412,0.2908958613380158,0.4243440858403167
269,0.06658880733882055,0.20052346914171104,0.290162777758241,0.4234560205821858
270,0.0689221904282608,0.19955416207557836,0.2891704965855869,0.42261724962425967
271,0.06749405210242103,0.19858286661452212,0.2877504575857939,0.4215581074563386
272,0.06591858898155156,0.19760156981080265,0.2859646266123672,0.4207842378304666
273,0.06568897410730787,0.19662903727114578,0.28805147977110934,0.41995249464072804
274,0.06804840583086279,0.19564754154211433,0.28614692697545574,0.41905719727342955
275,0.0644923843338687,0.1946665823012463,0.28359637555341904,0.4182504436195675
276,0.06270981211806678,0.19367498981827908,0.28359637555341904,0.417334367119189
277,0.06515142890838628,0.19267806911651447,0.28359637555341904,0.41652923988494645
278,0.06373403857816538,0.19166404055896513,0.28359637555341904,0.41589484078652383
279,0.06446646886720205,0.190665159981555,0.28359637555341904,0.41498430171518397
280,0.06283902782772047,0.18967061286328943,0.28359637555341904,0.4143053393825688
281,0.06159124318304956,0.18867084347015914,0.2832614503314935,0.41362099200354996
282,0.05997759398933813,0.18767576376552167,0.2828290200465649,0.412584912229454
283,0.06582972094978876,0.1866734972746263,0.28242019067248153,0.4118116099832639
284,0.06441022604406169,0.18563577796927044,0.2818889606926838,0.41125525623128
285,0.061285689383816316,0.18458956683324565,0.2812615076033475,0.41025526328238315
286,0.058161152723570954,0.18344753919179957,0.2807169099375552,0.4094332293415957
287,0.05680712844256867,0.18241814979779475,0.28005035537972955,0.40846595112131623
288,0.05368259178232329,0.18139148671819144,0.27931308719163445,0.4073419447656356
289,0.05489771245571404,0.18038583576085587,0.2785671206685444,0.4063725990043254
290,0.0535053939489586,0.18126227982402787,0.2775607002458554,0.40577299708946396
291,0.052113075442203165,0.17978982839091512,0.2761457001277767,0.4048355174422594
292,0.04914832792077386,0.17817968679280136,0.27433673080820514,0.4038785252578192
293,0.04764944848744306,0.17665278433800138,0.27259108609378496,0.4032327466485668
294,0.04468470096601374,0.17519831001375197,0.274344890282815,0.40231021482502927
295,0.043202187015473646,0.17382286584804255,0.28863526581148735,0.4014650739337084
296,0.04185058466153905,0.17239466750230323,0.28863526581148735,0.400670056018219
297,0.04044370311210543,0.17094688047050208,0.28863526581148735,0.39984576833211344
298,0.03897533137540264,0.17140504120005273,0.28863526581148735,0.39907306880987714
299,0.039424382396834406,0.1702922521124035,0.28863526581148735,0.3981006832093083
300,0.03813758111632358,0.16918785306246922,0.28863526581148735,0.39720895763643166
301,0.036647794983572006,0.16809707057629464,0.2882817228404591,0.3965195807976528
302,0.03755017099072093,0.1670308868988172,0.2877677979203483,0.3956070738555369
303,0.0362145339092425,0.16596915909605967,0.2873206801429362,0.394652699205752
304,0.034981484910930824,0.16665485438142302,0.2867342548585992,0.3936938170534
305,0.0361272654552314,0.1654982049351778,0.28606841004131445,0.392438647333267
306,0.03459105246759589,0.1642936307337806,0.2854885679324111,0.3917792188107759
307,0.03643567734935241,0.16311092638777186,0.28478281390496246,0.391165123498047
308,0.03923178569854334,0.16180447545742113,0.28400335553677464,0.3901349668929038
309,0.036948335120659155,0.160513923019323,0.28314264065150435,0.38961495810806707
310,0.04081794749955454,0.15915853496519514,0.2820952478709489,0.3889293980999414
311,0.0393135469301898,0.1577417917273037,0.2806001243737427,0.3885054530507857
312,0.03717500556661281,0.15624228022693487,0.2786953008289368,0.3877751353964695
313,0.03580593024780016,0.15482699938688632,0.27684162319460814,0.38714300755768055
314,0.0340058894272434,0.1533891898731312,0.274787519925279,0.3863631997065158
315,0.03186734806366641,0.15196041011955505,0.274787519925279,0.3853055626783666
316,0.029728806700089424,0.1505996887185496,0.274787519925279,0.3843519186069762
317,0.027590265336512432,0.14918938970894755,0.274787519925279,0.38340144894668526
318,0.02545172397293545,0.14943262516849778,0.274787519925279,0.3823008169127827
319,0.024154041092100315,0.148260433266406,0.274787519925279,0.3813806950131956
320,0.02201549972852333,0.14710197942991993,0.274787519925279,0.3804221432650681
321,0.02045332041209298,0.14598806125326708,0.27443397695425087,0.37988767800164724
322,0.018880346734336462,0.14487549445370335,0.2739780515661626,0.3791093281700565
323,0.016741805370759474,0.14374782749082296,0.2735896234495976,0.37807186905595425
324,0.017775882238854977,0.1426807235756167,0.2730031981652605,0.37756969018761943
325,0.015657053115811004,0.1416224728455758,0.2762848002695957,0.377018243985099
326,0.01763318478481774,0.14060118356039786,0.2756097215393306,0.37606929927031574
327,0.01578112972160355,0.1395873868821699,0.2748710586628286,0.3752868479256461
328,0.013929074658389353,0.13856870095423637,0.2741840940740727,0.3741980743986886
329,0.012077019595175157,0.13755545952563014,0.27331274135522937,0.3734807506072962
330,0.013989536710435693,0.13653770023536244,0.2722514053888399,0.3725443017464038
331,0.012128548367458525,0.13552753917121602,0.27073533130186017,0.37176136759140027
332,0.015958146657106983,0.13595948532594643,0.26891056825941057,0.3711161593394547
333,0.014026574052564376,0.13495986708386054,0.26704755860375756,0.3702916601972577
334,0.012095001448021768,0.13394770380359805,0.26966245217473056,0.3694612448642462
335,0.020638676056650696,0.13292567830490892,0.26966245217473056,0.3685742780443758
336,0.018998231842723354,0.13190031385599627,0.26966245217473056,0.36772907107047426
337,0.01735778762879601,0.13232345466119477,0.26966245217473056,0.36697466184310074
338,0.01571734341486867,0.13279643428399981,0.26966245217473056,0.3660182688718028
339,0.014076899200941326,0.13182422069318045,0.26966245217473056,0.365247930314603
340,0.012436454987013984,0.13230632736369785,0.26966245217473056,0.36449933772616927
341,0.009956010773086645,0.13128971746014526,0.2692458226135147,0.36354036930110073
342,0.008315566559159302,0.1302622606578719,0.2687192048100675,0.362780740363052
343,0.0066751223452319606,0.12921403632101955,0.2683226443003595,0.36191658353795336
344,0.005034678131304619,0.12815284877805155,0.26772252066717706,0.3609101533540061
345,0.0033942339173772774,0.12708147027604275,0.26715023294113405,0.36007987495712324
346,0.0017537897034499354,0.12743268775347222,0.2663919282654998,0.359220683544106
347,0.00011334548952259362,0.12642549948813564,0.2656434873672717,0.358184386668507
348,0.0,0.12543499102115443,0.2649474353304211,0.35717186205645246
349,0.0,0.12586489801208353,0.2640615495852045,0.35649386622085
350,0.0,0.12482029263150808,0.26298827380796075,0.3556777305952019
351,0.0,0.12366898250625867,0.2614507878782849,0.35489085385334107
352,0.0,0.1226431104292962,0.25963969848839485,0.3538391183076893
353,0.0,0.12097895975388324,0.25771402926003795,0.35303866431341946
354,0.0,0.12129646872535763,0.25649865222024343,0.35206557159908997
355,0.0,0.12007803993773115,0.25649865222024343,0.3515547259489573
356,0.0,0.11891194277929372,0.25649865222024343,0.3506443308053473
357,0.0,0.11778965205489535,0.25649865222024343,0.3500480254711462
358,0.0,0.1166882556325711,0.25649865222024343,0.34904887648855354
359,0.0,0.1155800038578123,0.25649865222024343,0.34825257172227486
360,0.0,0.11444723104785182,0.25649865222024343,0.34732019696746136
361,0.0,0.1160119763432799,0.2561363530284331,0.34669638796585917
362,0.0,0.11441808359452482,0.2556097352249859,0.34550474670050274
363,0.0,0.11305509878316901,0.2551493046021589,0.34474123493370534
364,0.0,0.11169867904103171,0.2545491809689764,0.34391960685877676
365,0.0,0.11173639024422628,0.25400791014693913,0.34336640903814813
366,0.0,0.11058533270709263,0.253249605471305,0.342665999237477
367,0.0,0.1107695644604364,0.252501164573077,0.34166481424814676
368,0.0,0.10978872954173147,0.25180511253622617,0.34439822215569743
369,0.0,0.11014250357769566,0.2509192267910097,0.34352518062764126
370,0.0,0.10908704600632531,0.24991073037352649,0.34294663768297684
371,0.0,0.10800278982965096,0.24837324444385064,0.342114798503091
372,0.0,0.10690259231003829,0.24651694189203663,0.34136567237502946
373,0.0,0.10579257230724726,0.2445912726636798,0.34037764796757053
374,0.0,0.10462733210020715,0.2555367707839416,0.3393334895123179
375,0.0,0.10343026011197821,0.2555367707839416,0.33828279594413097
376,0.0,0.10335685843488521,0.2555367707839416,0.33736048686700376
377,0.0,0.1023272655108395,0.2555367707839416,0.33670525641691357
378,0.0,0.10131299415736793,0.2555367707839416,0.3358233529198005
379,0.0,0.10028431924154549,0.2555367707839416,0.33504537069535467
380,0.0,0.10048993343553307,0.2555367707839416,0.33419880798045865
381,0.0,0.10064965356648249,0.25515906229042634,0.3336615573999688
382,0.0,0.10087531159528187,0.2546620915709389,0.3326421208514865
383,0.0,0.09961374823750543,0.25418351627806685,0.33176776224751975
384,0.0,0.09831738483109675,0.2535714214634345,0.3308939290675762
385,0.0,0.0969822115006487,0.25300862872148033,0.3302016912293638
386,0.0,0.09566325850630965,0.2522205900559652,0.3293076893569865
387,0.0,0.09580993781104681,0.2514404831604842,0.33178233973335053
388,0.0,0.09597632523188293,0.25071527268005855,0.3310583984760595
389,0.0,0.09491743085498922,0.2498240304398428,0.3304442692028175
390,0.0,0.09386416495142584,0.24877280520866657,0.32948384389555524
391,0.0,0.09280847388917648,0.2472017391344737,0.32852427500561104
392,0.0,0.09172426593521159,0.24527236332913632,0.32801671700690976
393,0.0,0.09183831223530824,0.26466744659399943,0.3272827842096884
394,0.0,0.09181399843864012,0.26466744659399943,0.32670372327655794
395,0.0,0.09322071072149245,0.26466744659399943,0.325882254234211
396,0.0,0.09203287705144722,0.26466744659399943,0.32535340870788365
397,0.0,0.09104304025352346,0.26466744659399943,0.3247603898474796
398,0.0,0.09133436624015881,0.26466744659399943,0.32401218171830803
399,0.0,0.09037760207480039,0.26466744659399943,0.32330900027216736
400,0.0,0.08941600063303641,0.26466744659399943,0.32227201661696747
401,0.0,0.0884635166381911,0.26426809558134784,0.32157766091603013
402,0.0,0.08750162562811423,0.2636962085134141,0.3205867536139685
403,0.0,0.08653454605055066,0.2631850938696491,0.3198229679309867
404,0.0,0.08556472192788132,0.2625261924393889,0.3190202624819916
405,0.0,0.08458109313505716,0.26192067727860896,0.3180987573615224
406,0.0,0.08360956149544607,0.26107309951452445,0.3170587991450408
407,0.0,0.08262565812965603,0.2602343336110453,0.3161498270140636
408,0.0,0.08282842867346657,0.25945317707726595,0.3153932117739616
409,0.0,0.081822311688787,0.25849765085630416,0.31469930584776545
410,0.0,0.0808061332033461,0.2573274772456672,0.3140913078796127
411,0.0,0.07974032077766052,0.25563396926317117,0.31327444894275974
412,0.0,0.07860156963004443,0.2770581230814518,0.3120670377563166
413,0.0,0.07746100377605145,0.2770581230814518,0.31144932866933267
414,0.0,0.0762606328931395,0.2770581230814518,0.31025475240568945
415,0.0,0.07504181375069995,0.2770581230814518,0.30973261561536525
416,0.0,0.07516363542118029,0.2770581230814518,0.3089900142706983
417,0.0,0.0739497310645053,0.2770581230814518,0.3081639322219276
418,0.0,0.07280145071867698,0.2770581230814518,0.30719860095280027
419,0.0,0.0727416114615191,0.2770581230814518,0.30668491607312837
420,0.0,0.07160724765455095,0.2770581230814518,0.30576583505510635
421,0.0,0.07259451308327845,0.2765843247683005,0.30499840652925536
422,0.0,0.07386923937582343,0.2759736214221858,0.3044083018714368
423,0.0,0.07290733775239533,0.27542546193659667,0.30342203036838417
424,0.0,0.07193506031616465,0.27471530010979217,0.3025780761397473
425,0.0,0.07094746691414755,0.27406284914743967,0.3014575637172945
426,0.0,0.06995897389771705,0.2731686532073219,0.30053658018312
427,0.0,0.06894616616062922,0.272266528149605,0.29977894845954983
428,0.0,0.06794337382803507,0.2714254756033907,0.302199836054408
429,0.0,0.06697206573735527,0.27036146741082856,0.30128374266694696
430,0.0,0.06600001719616352,0.26917352319390886,0.3007110096827977
431,0.0,0.06503208245543315,0.2673383305718861,0.2998116375664119
432,0.0,0.0640537492704563,0.2673383305718861,0.2991680261215976
433,0.0,0.0630601626341532,0.2673383305718861,0.2983679154976129
434,0.0,0.0620373716523486,0.2673383305718861,0.2976578684885102
435,0.0,0.06099635116194367,0.2673383305718861,0.29699476989103074
436,0.0,0.059940999635387654,0.2673383305718861,0.29607371600417864
437,0.0,0.05982036446032122,0.2673383305718861,0.29507389352150604
438,0.0,0.05885264050279501,0.2673383305718861,0.29442727042927846
439,0.0,0.058822032142118605,0.2673383305718861,0.2934989091708668
440,0.0,0.05767722554949947,0.2673383305718861,0.29274150510675295
441,0.0,0.05845674391681297,0.26686453225873474,0.2918776232572792
442,0.0,0.05845851053860731,0.26625382891261995,0.2913925477406454
443,0.0,0.05839806318674288,0.26570566942703094,0.2907638882394358
444,0.0,0.05735788019719139,0.2649955076002265,0.28994751370417254
445,0.0,0.0573109453320695,0.26434305663787394,0.2890309498841001
446,0.0,0.056159974124328944,0.2634488606977562,0.2882581630873995
447,0.0,0.05700073994591432,0.2624829793909761,0.2904658508082119
448,0.0,0.05589052774581342,0.26150123804155934,0.2898303373711002
449,0.0,0.05473737944325921,0.2604917418761156,0.2891308230456976
450,0.0,0.05455850230384234,0.2640282342981581,0.28862563979223793
451,0.0,0.053544514490384915,0.2625748255223637,0.28779772776710855
452,0.0,0.05249591411929604,0.2625748255223637,0.2869890875433955
453,0.0,0.051425708404680893,0.2625748255223637,0.2858194051300515
454,0.0,0.05033851775833114,0.2625748255223637,0.2851838875416678
455,0.0,0.05034541457233847,0.2625748255223637,0.2843269778806063
456,0.0,0.04933630179808724,0.2625748255223637,0.28368489512685396
457,0.0,0.04927747794925552,0.2625748255223637,0.2830814982597738
458,0.0,0.04814860974805192,0.2625748255223637,0.28234052633033924
459,0.0,0.0470161970841535,0.2625748255223637,0.28137915273359393
460,0.0,0.04584210588620926,0.2625748255223637,0.2806259343257863
461,0.0,0.046513015193420895,0.2620967416189448,0.2827268278363958
462,0.0,0.045552070949038834,0.26147557751671285,0.28195256312284367
463,0.0,0.04553565887360642,0.260921797307312,0.2808301754747972
464,0.0,0.044521836179874034,0.260204924340019,0.2797302341723359
465,0.0,0.04440147642392605,0.2595412629834706,0.2789582804224769
466,0.0,0.043445559205649326,0.25869611867864256,0.2783330877098316
467,0.0,0.042481967231298705,0.2578912525347611,0.27747162259978886
468,0.0,0.0415143156173123,0.2568982036715202,0.276564692816407
469,0.0,0.04052583845620985,0.25577954729223307,0.2756106435131634
470,0.0,0.040384449717503754,0.2544883329178713,0.27758318398721166
471,0.0,0.04110628216773539,0.253034924142077,0.2769874780398664
472,0.0,0.04102552218541497,0.253034924142077,0.27627977207871274
473,0.0,0.04095714298611916,0.253034924142077,0.2756591474417116
474,0.0,0.04074814623452104,0.253034924142077,0.27772165126291104
475,0.0,0.03964367316662716,0.253034924142077,0.27693883227430516
476,0.0,0.03853687383853235,0.253034924142077,0.27631978397870294
477,0.0,0.038369842132971684,0.253034924142077,0.2749452599659307
478,0.0,0.03731926898039243,0.253034924142077,0.2743935203954981
479,0.0,0.037198871209475085,0.253034924142077,0.27354772501410224
480,0.0,0.03605149419028396,0.253034924142077,0.2729326503495878
481,0.0,0.03488451678175343,0.25255684023865815,0.27193758675043644
482,0.0,0.034677336944077194,0.2519356761364263,0.2708326295628231
483,0.0,0.03367504371571706,0.2513096421041054,0.2700965819085602
484,0.0,0.03264711904475254,0.25059276913681244,0.2693983023720654
485,0.0,0.03246648475536765,0.249929107780264,0.2717251953837836
486,0.0,0.032260349498257915,0.24908396347543593,0.2707552284690023
487,0.0,0.03118946943080271,0.24827909733155445,0.26989617380084674
488,0.0,0.030137892964845144,0.24742502569173588,0.26895928762863386
489,0.0,0.029072203919369877,0.2463063693124487,0.2710374611380593
490,0.0,0.027961202174789535,0.2450151549380871,0.2701903248966479
491,0.0,0.02680951497148894,0.2482537213265664,0.26955823841733517
492,0.0,0.026536567420289814,0.2482537213265664,0.26861395678818606
493,0.0,0.026208199634134174,0.2482537213265664,0.2676039212080956
494,0.0,0.02590493139981067,0.2482537213265664,0.26685818337590866
495,0.0,0.024843580486611252,0.2482537213265664,0.2661517465092793
496,0.0,0.024513785956012463,0.2482537213265664,0.26530740655445795
497,0.0,0.024079780250608956,0.2482537213265664,0.2642939739825977
498,0.0,0.02310433075083657,0.2482537213265664,0.2633848154494459
499,0.0,0.02354657264288034,0.2482537213265664,0.2625991718786284
500,0.0,0.022472185399015975,0.2482537213265664,0.26198809194162753
501,0.0,0.02138364218861226,0.24776822366863788,0.26115670163930843
502,0.0,0.02031890675338893,0.2471931009496154,0.2599981147484168
503,0.0,0.019236765803427112,0.24655724873694063,0.25930496430440175
504,0.0,0.019516542855042403,0.24583663830031455,0.258494332324846
505,0.0,0.018284320005270277,0.2450365753487381,0.2577622204317525
506,0.0,0.01706315864138172,0.2441816019278615,0.25696716229261674
507,0.0,0.01654398550442626,0.24336258066442035,0.2562243931772728
508,0.0,0.015498389150096235,0.2424960517160753,0.2551550660921969
509,0.0,0.015087039607562077,0.2413651603722416,0.2541932078374032
510,0.0,0.014095344803519483,0.23992030184779217,0.2535454784811859
511,0.0,0.012991547452737177,0.24371102766626776,0.2524775651796765
512,0.0,0.01360954847170836,0.24371102766626776,0.2518093313380399
513,0.0,0.012599944212114314,0.24371102766626776,0.2507669118235747
514,0.0,0.012782453980431147,0.24371102766626776,0.24980970069487968
515,0.0,0.012365882063061934,0.24371102766626776,0.24915116264349507
516,0.0,0.011887619963957059,0.24371102766626776,0.24810917870753182
517,0.0,0.012146430980090156,0.24371102766626776,0.24750981142566303
518,0.0,0.011618194543718069,0.24371102766626776,0.24957885826731552
519,0.0,0.011238296509614172,0.24371102766626776,0.2487717857641871
520,0.0,0.010179833749296863,0.24371102766626776,0.2481255098548361
521,0.0,0.009096811769543077,0.24325041661837318,0.24715584755067102
522,0.0,0.00799271669609763,0.24270066383289948,0.24651208717661996
523,0.0,0.007386431029953148,0.24206760805021127,0.2457290580498763
524,0.0,0.006723078240117512,0.24136662763367572,0.24791666892134812
525,0.0,0.006092325981283977,0.24055570079926955,0.247134895362946
526,0.0,0.006891423526286019,0.23966747649916448,0.2491839591701544
527,0.0,0.006516682725737511,0.23883225207291053,0.24851812323703906
528,0.0,0.00615234258130042,0.23795285359953972,0.2475241455698918
529,0.0,0.0049255674735876765,0.2369266073937875,0.24969864285041543
530,0.0,0.005404739871410465,0.2354619366382268,0.2489821929519686
531,0.0,0.006824054880632045,0.23955947093784707,0.2479585771343599
532,0.0,0.005269161447937553,0.23955947093784707,0.24977357967853467
533,0.0,0.003837064112425436,0.23955947093784707,0.2487815239954488
534,0.0,0.0025263021019175658,0.23955947093784707,0.250477216951289
535,0.0,0.0032846640069124403,0.23955947093784707,0.2495051426659849
536,0.0,0.001392843567971904,0.23955947093784707,0.2489998533359368
537,0.0,0.0,0.23955947093784707,0.2513861643535353
538,0.0,0.0,0.23955947093784707,0.2506688641607924
539,0.0,0.0,0.23955947093784707,0.24988731242645906
540,0.0,0.0,0.23955947093784707,0.2523931152876911
541,0.0,0.0,0.23905640206343803,0.2519285125715603
542,0.0,0.0,0.23848807285638993,0.2512781021377854
543,0.0,0.0,0.23784359301916566,0.2503060828795912
544,0.0,0.0,0.23713072818071948,0.2528782513338193
545,0.0,0.0,0.2363572656753781,0.2522709223038298
546,0.0,0.0,0.2354568335529607,0.2546597610724568
547,0.0,0.0,0.23458257734387858,0.25362071357040483
548,0.0,0.0,0.23368632516587204,0.25290538466019313
549,0.0,0.0,0.23264428483582358,0.2517969507510333
550,0.0,0.0,0.23115834740306587,0.25396850510961194
551,0.0,0.0,0.23074576809419003,0.2534270309317818
552,0.0,0.0,0.23074576809419003,0.2527105116863359
553,0.0,0.0,0.23074576809419003,0.25219812897358734
554,0.0,0.0,0.23074576809419003,0.25168895344119807
555,0.0,0.0,0.23074576809419003,0.2510968428639301
556,0.0,0.0,0.23074576809419003,0.25064055151091036
557,0.0,0.0,0.23074576809419003,0.249946066244958
558,0.0,0.0,0.23074576809419003,0.24938767413297916
559,0.0,0.0,0.23074576809419003,0.2488378117254689
560,0.0,0.0,0.23074576809419003,0.2482772708504675
561,0.0,0.0,0.23024269921978083,0.25087293394176335
562,0.0,0.0,0.2296743700127329,0.2502304114325559
563,0.0,0.0,0.22902989017550862,0.2496920978177859
564,0.0,0.0,0.22831702533706247,0.24912418185147972
565,0.0,0.0,0.22754356283172109,0.24845617694656857
566,0.0,0.0,0.22662838928199128,0.2477573022082558
567,0.0,0.0,0.22575413307290915,0.2471777478706288
568,0.0,0.0,0.2247357414197808,0.24663847889000068
569,0.0,0.0,0.2236937010897325,0.24620186933236723
570,0.0,0.0,0.22220776365697467,0.24562174182241386
571,0.0,0.0,0.22651112473497398,0.24505317661359888
572,0.0,0.0,0.22651112473497398,0.24460730819364812
573,0.0,0.0,0.22651112473497398,0.24408467338202855
574,0.0,0.0,0.22651112473497398,0.2436159952679128
575,0.0,0.0,0.22651112473497398,0.2430604466160853
576,0.0,0.0,0.22651112473497398,0.24249159348641733
577,0.0,0.0,0.22651112473497398,0.24180290114724856
578,0.0,0.0,0.22651112473497398,0.2412063967665953
579,0.0,0.0,0.22651112473497398,0.24028648514797504
580,0.0,0.0,0.22651112473497398,0.2397324062343507
581,0.0,0.0,0.22600490468297083,0.23914064427902892
582,0.0,0.0,0.22542651644666073,0.2385837433909689
583,0.0,0.0,0.22477021583276247,0.23798955075473857
584,0.0,0.0,0.22404532903689392,0.23739698334205592
585,0.0,0.0,0.2232582137338989,0.23660219100180235
586,0.0,0.0,0.22232863098058256,0.23599619778555941
587,0.0,0.0,0.22139379297031397,0.2354410680137668
588,0.0,0.0,0.22036423706694752,0.23493317078745662
589,0.0,0.0,0.2193074479534678,0.2344150973964804
590,0.0,0.0,0.22237989454168092,0.23391103770689142
591,0.0,0.0,0.22237989454168092,0.2333356793283994
592,0.0,0.0,0.22237989454168092,0.23281760593742326
593,0.0,0.0,0.22237989454168092,0.23239635212975182
594,0.0,0.0,0.22237989454168092,0.23176822989418808
595,0.0,0.0,0.22237989454168092,0.2311980127590231
596,0.0,0.0,0.22237989454168092,0.2307240605197707
597,0.0,0.0,0.22237989454168092,0.23007393837693343
598,0.0,0.0,0.22237989454168092,0.22938703910433544
599,0.0,0.0,0.22237989454168092,0.22877447745494067
600,0.0,0.0,0.22237989454168092,0.2279823977194128
601,0.0,0.0,0.22186484150718247,0.22726246406954276
602,0.0,0.0,0.22127601648487716,0.22666863786330482
603,0.0,0.0,0.22060738452777756,0.22605005732827813
604,0.0,0.0,0.21987021107542892,0.22551924336760143
605,0.0,0.0,0.21907339935915518,0.22492409884451123
606,0.0,0.0,0.21821165106031018,0.22435353608107575
607,0.0,0.0,0.2172671409201797,0.22379980094107146
608,0.0,0.0,0.21623132578279927,0.22330750223578727
609,0.0,0.0,0.21515468014894207,0.22563380164929311
610,0.0,0.0,0.21393571842983072,0.22513859842777242
611,0.0,0.0,0.21393571842983072,0.22461925062856197
612,0.0,0.0,0.21393571842983072,0.22405629131077195
613,0.0,0.0,0.21393571842983072,0.22347094669827489
614,0.0,0.0,0.21393571842983072,0.2228778338859491
615,0.0,0.0,0.21393571842983072,0.22238185550414563
616,0.0,0.0,0.21393571842983072,0.2218566674980769
617,0.0,0.0,0.21393571842983072,0.22132940745668467
618,0.0,0.0,0.21393571842983072,0.2208214058082367
619,0.0,0.0,0.21393571842983072,0.22032125316928694
620,0.0,0.0,0.21393571842983072,0.2198520000980453
621,0.0,0.0,0.2134206653953323,0.21926665548554822
622,0.0,0.0,0.21283184037302694,0.21885197571913714
623,0.0,0.0,0.21216320841592753,0.21838351864582767
624,0.0,0.0,0.21138138067543355,0.21788394826328708
625,0.0,0.0,0.2105845689591598,0.21739274209089637
626,0.0,0.0,0.20972241797000007,0.2168433530727355
627,0.0,0.0,0.2087779078298697,0.21623654473980045
628,0.0,0.0,0.20774209269248922,0.21556304430760154
629,0.0,0.0,0.20666544705863216,0.2151392601903168
630,0.0,0.0,0.20544648533952067,0.21454098638192176
631,0.0,0.0,0.20544648533952067,0.2139402093870495
632,0.0,0.0,0.20544648533952067,0.21302441558483698
633,0.0,0.0,0.20544648533952067,0.2124118463657415
634,0.0,0.0,0.20544648533952067,0.2119511064234903
635,0.0,0.0,0.20544648533952067,0.21141188978776645
636,0.0,0.0,0.20544648533952067,0.21081882282997774
637,0.0,0.0,0.20544648533952067,0.21020476415857997
638,0.0,0.0,0.20544648533952067,0.20964785376926243
639,0.0,0.0,0.20544648533952067,0.2091596414282554
640,0.0,0.0,0.20544648533952067,0.20868373640258828
641,0.0,0.0,0.20493143230502217,0.21093797846575627
642,0.0,0.0,0.20434260728271705,0.21033071225588795
643,0.0,0.0,0.20371935955268872,0.20974139395229044
644,0.0,0.0,0.2029375318121948,0.20913927961685966
645,0.0,0.0,0.202140720095921,0.20858124747666842
646,0.0,0.0,0.20127856910676134,0.20805235137123226
647,0.0,0.0,0.20033405896663087,0.2075471907636044
648,0.0,0.0,0.1992982438292505,0.20698737008986992
649,0.0,0.0,0.2023571726764283,0.20657444764240518
650,0.0,0.0,0.2057395834865793,0.20605844018215694
651,0.0,0.0,0.2057395834865793,0.20544852713934764
652,0.0,0.0,0.2057395834865793,0.20500819982969315
653,0.0,0.0,0.2057395834865793,0.20448207929734527
654,0.0,0.0,0.2057395834865793,0.2039920224170504
655,0.0,0.0,0.2057395834865793,0.20348348376106284
656,0.0,0.0,0.2057395834865793,0.20566015205512164
657,0.0,0.0,0.2057395834865793,0.20512371167594548
658,0.0,0.0,0.2057395834865793,0.20454827817562177
659,0.0,0.0,0.2057395834865793,0.20401988730591175
660,0.0,0.0,0.2057395834865793,0.2033399448515668
661,0.0,0.0,0.20520567130821793,0.20288892707371037
662,0.0,0.0,0.2045953805971994,0.20487418225881332
663,0.0,0.0,0.2039625235557223,0.20709228650150135
664,0.0,0.0,0.20316051528026335,0.20662469255110674
665,0.0,0.0,0.20233843056321754,0.20600687044989882
666,0.0,0.0,0.2014419908160635,0.20544787211864252
667,0.0,0.0,0.2004675334903254,0.2044585321074096
668,0.0,0.0,0.199398262920384,0.20403644115454098
669,0.0,0.0,0.19819450996363103,0.20329953445214188
670,0.0,0.0,0.2018275110626846,0.2055043574301779
671,0.0,0.0,0.2018275110626846,0.20492495848054137
672,0.0,0.0,0.2018275110626846,0.20424633569492293
673,0.0,0.0,0.2018275110626846,0.2036717283313797
674,0.0,0.0,0.2018275110626846,0.20298012766349682
675,0.0,0.0,0.2018275110626846,0.2051438467693309
676,0.0,0.0,0.2018275110626846,0.20454494658793784
677,0.0,0.0,0.2018275110626846,0.2039616540830214
678,0.0,0.0,0.2018275110626846,0.20329018065038604
679,0.0,0.0,0.2018275110626846,0.20272156211637138
680,0.0,0.0,0.2018275110626846,0.20225202665774064
681,0.0,0.0,0.2012834763949968,0.20167586384469463
682,0.0,0.0,0.2006684150165978,0.20110168540036402
683,0.0,0.0,0.20002593866869117,0.2028697554578999
684,0.0,0.0,0.1992129075397197,0.2022350105731804
685,0.0,0.0,0.19832855593687831,0.20144636738799862
686,0.0,0.0,0.19741417842954648,0.20082333566541968
687,0.0,0.0,0.19642469116234382,0.20031606612311653
688,0.0,0.0,0.19544679850551835,0.19967432105705613
689,0.0,0.0,0.19421852678128063,0.19896709039123478
690,0.0,0.0,0.1982426466218633,0.19826181667240989
691,0.0,0.0,0.1982426466218633,0.19770243569811197
692,0.0,0.0,0.1982426466218633,0.19700539676395085
693,0.0,0.0,0.1982426466218633,0.1963602335963818
694,0.0,0.0,0.1982426466218633,0.198581855517822
695,0.0,0.0,0.1982426466218633,0.1979081329555582
696,0.0,0.0,0.1982426466218633,0.19735388859342556
697,0.0,0.0,0.1982426466218633,0.19968991465615113
698,0.0,0.0,0.1982426466218633,0.19903378633021176
699,0.0,0.0,0.1982426466218633,0.19849999827879797
700,0.0,0.0,0.1982426466218633,0.19785276181519135
701,0.0,0.0,0.19768955722128914,0.19735580519512141
702,0.0,0.0,0.19706268909551292,0.1968679856934351
703,0.0,0.0,0.1964073823085313,0.1961251727214529
704,0.0,0.0,0.19567618621133076,0.19563429545535438
705,0.0,0.0,0.19477790957395544,0.19506149053389105
706,0.0,0.0,0.19385182491137265,0.1973447188494591
707,0.0,0.0,0.19284855948231028,0.19679100435700944
708,0.0,0.0,0.1918579818006283,0.1960989133725172
709,0.0,0.0,0.19509922386436698,0.19534346775745615
710,0.0,0.0,0.19509922386436698,0.19482835296038936
711,0.0,0.0,0.19509922386436698,0.19431158353732556
712,0.0,0.0,0.19509922386436698,0.193637008896601
713,0.0,0.0,0.19509922386436698,0.1929782622415239
714,0.0,0.0,0.19509922386436698,0.19235209040021464
715,0.0,0.0,0.19509922386436698,0.19194210805286183
716,0.0,0.0,0.19509922386436698,0.1913330397423876
717,0.0,0.0,0.19509922386436698,0.19076275381732719
718,0.0,0.0,0.19509922386436698,0.1900834840912209
719,0.0,0.0,0.19509922386436698,0.18954849511829125
720,0.0,0.0,0.19509922386436698,0.1890503603463622
721,0.0,0.0,0.19453496314878807,0.18855464792512316
722,0.0,0.0,0.1939053917812071,0.18805829297810445
723,0.0,0.0,0.19324252015237758,0.18738705860706964
724,0.0,0.0,0.1924959472873116,0.18668362054738807
725,0.0,0.0,0.19158287400211957,0.1861362818183298
726,0.0,0.0,0.19060668568276082,0.1854471038030459
727,0.0,0.0,0.18959316221762224,0.18467630481692027
728,0.0,0.0,0.18858777057577197,0.18410563180028772
729,0.0,0.0,0.1875561937025181,0.18352218754552216
730,0.0,0.0,0.1875561937025181,0.18292389971337386
731,0.0,0.0,0.1875561937025181,0.18184318493470267
732,0.0,0.0,0.1875561937025181,0.1811221530207719
733,0.0,0.0,0.1875561937025181,0.1805460173668628
734,0.0,0.0,0.1875561937025181,0.1796417006487534
735,0.0,0.0,0.1875561937025181,0.17905988700719755
736,0.0,0.0,0.1875561937025181,0.1783546868726114
737,0.0,0.0,0.1875561937025181,0.17769221270932303
738,0.0,0.0,0.1875561937025181,0.17729327056457736
739,0.0,0.0,0.1875561937025181,0.17680850226259753
740,0.0,0.0,0.1875561937025181,0.17623310844440157
741,0.0,0.0,0.18699193298693906,0.17564763266156339
742,0.0,0.0,0.18636236161935812,0.17507812400451767
743,0.0,0.0,0.18569948999052863,0.17447965223156847
744,0.0,0.0,0.1849529171254627,0.17398088952292268
745,0.0,0.0,0.18409395014890553,0.17328375500336826
746,0.0,0.0,0.18311776182954673,0.17260404394549275
747,0.0,0.0,0.1821042383644082,0.17719513324770414
748,0.0,0.0,0.18109884672255785,0.17667037721708165
749,0.0,0.0,0.18006726984930407,0.17595779241214948
750,0.0,0.0,0.18006726984930407,0.17522734889407302
751,0.0,0.0,0.18006726984930407,0.1746491179052078
752,0.0,0.0,0.18006726984930407,0.1740278721786386
753,0.0,0.0,0.18006726984930407,0.1734326421138234
754,0.0,0.0,0.18006726984930407,0.17273667296880682
755,0.0,0.0,0.18006726984930407,0.17206972504388454
756,0.0,0.0,0.18006726984930407,0.17146942467553627
757,0.0,0.0,0.18006726984930407,0.17077932197944604
758,0.0,0.0,0.18006726984930407,0.17277017552133359
759,0.0,0.0,0.18006726984930407,0.17221084722577817
760,0.0,0.0,0.18006726984930407,0.17151800963671845
761,0.0,0.0,0.17950300913372505,0.17081914318197064
762,0.0,0.0,0.18304371864781796,0.17018505400800132
763,0.0,0.0,0.18236679807384132,0.16957773450824845
764,0.0,0.0,0.18160426270236957,0.16902007117382273
765,0.0,0.0,0.18072394243948298,0.16839474080335554
766,0.0,0.0,0.179736877026778,0.16774250503973592
767,0.0,0.0,0.18296587271326176,0.1671204498778956
768,0.0,0.0,0.1819279631799709,0.1666038267996806
769,0.0,0.0,0.18126394357361053,0.16591975358915512
770,0.0,0.0,0.18126394357361053,0.16527406800587832
771,0.0,0.0,0.18126394357361053,0.16468549341844643
772,0.0,0.0,0.18126394357361053,0.1640622451326027
773,0.0,0.0,0.18126394357361053,0.16356820759709184
774,0.0,0.0,0.18126394357361053,0.16302420172691506
775,0.0,0.0,0.18126394357361053,0.16242792742304868
776,0.0,0.0,0.18126394357361053,0.16437507439413646
777,0.0,0.0,0.18126394357361053,0.16624767896018372
778,0.0,0.0,0.18126394357361053,0.16556396744199248
779,0.0,0.0,0.18126394357361053,0.1648701355236559
780,0.0,0.0,0.18126394357361053,0.16426390690264983
781,0.0,0.0,0.1806762001493187,0.16352123739946722
782,0.0,0.0,0.1800327750494803,0.16540025893465402
783,0.0,0.0,0.17933960912827282,0.1673991278587015
784,0.0,0.0,0.17856373796189354,0.16665866226695158
785,0.0,0.0,0.17766963112078218,0.1660373587333501
786,0.0,0.0,0.17666303395630112,0.16540276231007875
787,0.0,0.0,0.1756090802565032,0.16465015977688313
788,0.0,0.0,0.1745711707232124,0.16409533368225623
789,0.0,0.0,0.17390715111685204,0.1662422299148966
790,0.0,0.0,0.17390715111685204,0.16578857276697775
791,0.0,0.0,0.17390715111685204,0.16821485507689737
792,0.0,0.0,0.17390715111685204,0.16773682935669346
793,0.0,0.0,0.17390715111685204,0.1672108470516882
794,0.0,0.0,0.17390715111685204,0.16672932464229417
795,0.0,0.0,0.17390715111685204,0.16627756346023126
796,0.0,0.0,0.17390715111685204,0.16585226734432448
797,0.0,0.0,0.17390715111685204,0.16540712095656557
798,0.0,0.0,0.17390715111685204,0.16498707137541588
799,0.0,0.0,0.17390715111685204,0.16457564741829578
800,0.0,0.0,0.17390715111685204,0.16414736857991996
801,0.0,0.0,0.17331940769256016,0.16364891549603355
802,0.0,0.0,0.1726759825927217,0.1632236193801268
803,0.0,0.0,0.17618259013855866,0.16272641053579692
804,0.0,0.0,0.17538955842044235,0.16229620060174751
805,0.0,0.0,0.1744789951916171,0.16187090448584074
806,0.0,0.0,0.17346640374993208,0.16144560836993396
807,0.0,0.0,0.17239556547302823,0.16099183925712973
808,0.0,0.0,0.1713730505136342,0.16047529964460483
809,0.0,0.0,0.17101126447119921,0.16005000352869803
810,0.0,0.0,0.17101126447119921,0.15962164947211416
811,0.0,0.0,0.17101126447119921,0.15911169588927662
812,0.0,0.0,0.17101126447119921,0.16140093208847875
813,0.0,0.0,0.17101126447119921,0.1609419704220454
814,0.0,0.0,0.17101126447119921,0.16044309652784158
815,0.0,0.0,0.17101126447119921,0.15999213928635117
816,0.0,0.0,0.17101126447119921,0.15952806594184285
817,0.0,0.0,0.17101126447119921,0.15906962705463756
818,0.0,0.0,0.17101126447119921,0.15860246142129894
819,0.0,0.0,0.17101126447119921,0.15813529578796034
820,0.0,0.0,0.17101126447119921,0.15771690249109918
821,0.0,0.0,0.17041299024035064,0.15722400163941735
822,0.0,0.0,0.1697570041258822,0.15676630409795597
823,0.0,0.0,0.16904831754307356,0.15632892750832586
824,0.0,0.0,0.16825528582495727,0.15587797026683547
825,0.0,0.0,0.16734472259613195,0.15543547778867411
826,0.0,0.0,0.16633213115444698,0.15500022564400745
827,0.0,0.0,0.16529966392363055,0.1545742252488333
828,0.0,0.0,0.1642771489642366,0.1541165277073719
829,0.0,0.0,0.16391536292180167,0.15365901264657802
830,0.0,0.0,0.16391536292180167,0.15322667430535641
831,0.0,0.0,0.16391536292180167,0.1528082810084953
832,0.0,0.0,0.16391536292180167,0.15237594266727364
833,0.0,0.0,0.16391536292180167,0.15200422238359568
834,0.0,0.0,0.16391536292180167,0.15156897023892899
835,0.0,0.0,0.16391536292180167,0.15108480656981518
836,0.0,0.0,0.16391536292180167,0.15058929439297042
837,0.0,0.0,0.16391536292180167,0.1501010503184579
838,0.0,0.0,0.16391536292180167,0.1496126622485462
839,0.0,0.0,0.16391536292180167,0.1491942689516851
840,0.0,0.0,0.16391536292180167,0.1487761217116379
841,0.0,0.0,0.16331708869095307,0.14830807301021987
842,0.0,0.0,0.16266110257648467,0.15053680249287743
843,0.0,0.0,0.16195241599367594,0.15007183221962594
844,0.0,0.0,0.16115938427555968,0.14956756632192425
845,0.0,0.0,0.1642593561870092,0.14905463100627023
846,0.0,0.0,0.16327141150471508,0.1486108066962364
847,0.0,0.0,0.16222574619183178,0.14811191467547563
848,0.0,0.0,0.16116305537043593,0.14767132507912198
849,0.0,0.0,0.16116305537043593,0.1472307354827683
850,0.0,0.0,0.16116305537043593,0.1467920826181783
851,0.0,0.0,0.16116305537043593,0.1463482583081444
852,0.0,0.0,0.16116305537043593,0.14584936628738365
853,0.0,0.0,0.16116305537043593,0.1453853095343483
854,0.0,0.0,0.16116305537043593,0.14489573691081542
855,0.0,0.0,0.16116305537043593,0.14443762730003443
856,0.0,0.0,0.16116305537043593,0.14397558475019337
857,0.0,0.0,0.16116305537043593,0.14353499515383975
858,0.0,0.0,0.16116305537043593,0.14308945572192514
859,0.0,0.0,0.16116305537043593,0.14524986797238007
860,0.0,0.0,0.16116305537043593,0.14481922054060256
861,0.0,0.0,0.16055391939624727,0.14423309030689657
862,0.0,0.0,0.15988425571107814,0.14376903978341068
863,0.0,0.0,0.15916631850327576,0.14325862208432105
864,0.0,0.0,0.1583551333309258,0.14282004697840997
865,0.0,0.0,0.15743713705183704,0.1423812270071749
866,0.0,0.0,0.15644919236954297,0.1419102185972076
867,0.0,0.0,0.1553992658049764,0.14147957116543006
868,0.0,0.0,0.15433657498358064,0.14366155744925038
869,0.0,0.0,0.15433657498358064,0.14318625548271904
870,0.0,0.0,0.15433657498358064,0.14267991318489393
871,0.0,0.0,0.15433657498358064,0.14220461121836261
872,0.0,0.0,0.15433657498358064,0.14176616640805775
873,0.0,0.0,0.15433657498358064,0.14131588381703028
874,0.0,0.0,0.15433657498358064,0.1409340665480057
875,0.0,0.0,0.15433657498358064,0.14315325079787045
876,0.0,0.0,0.15433657498358064,0.14267380945540611
877,0.0,0.0,0.15433657498358064,0.14207955578001585
878,0.0,0.0,0.15433657498358064,0.14161836535425726
879,0.0,0.0,0.15433657498358064,0.14116113485683418
880,0.0,0.0,0.15433657498358064,0.14333796372939023
881,0.0,0.0,0.15372743900939195,0.14858671851048305
882,0.0,0.0,0.15305777532422277,0.1480880327819285
883,0.0,0.0,0.1523398381164204,0.14758421288371426
884,0.0,0.0,0.1515286529440705,0.14709995780899346
885,0.0,0.0,0.1506106566649817,0.14658394095847488
886,0.0,0.0,0.1496227119826876,0.14608426469609692
887,0.0,0.0,0.14857278541812108,0.14560000962137612
888,0.0,0.0,0.15143293390943488,0.1451410235794569
889,0.0,0.0,0.15143293390943488,0.1446317806669571
890,0.0,0.0,0.15143293390943488,0.14406797319548578
891,0.0,0.0,0.15143293390943488,0.14652960767603587
892,0.0,0.0,0.15143293390943488,0.14601975718075416
893,0.0,0.0,0.15143293390943488,0.1454235981312501
894,0.0,0.0,0.15143293390943488,0.1448636547125897
895,0.0,0.0,0.15143293390943488,0.1443421225245569
896,0.0,0.0,0.15143293390943488,0.14382384828128855
897,0.0,0.0,0.15143293390943488,0.14331103664415443
898,0.0,0.0,0.15143293390943488,0.14282775705896641
899,0.0,0.0,0.15143293390943488,0.1423514950198632
900,0.0,0.0,0.15143293390943488,0.14186582283225546
901,0.0,0.0,0.1508112994444083,0.1413801506446478
902,0.0,0.0,0.15012482860085755,0.14090568085825153
903,0.0,0.0,0.14939029870790962,0.14039135898164717
904,0.0,0.0,0.14857545411993384,0.13990568679403947
905,0.0,0.0,0.14764843089225993,0.13943963874135018
906,0.0,0.0,0.1466458195940696,0.14177907906065387
907,0.0,0.0,0.1455744832999219,0.1443208839140977
908,0.0,0.0,0.1446931448797275,0.1436965096509306
909,0.0,0.0,0.1446931448797275,0.1432520009611819
910,0.0,0.0,0.1446931448797275,0.14264098525698674
911,0.0,0.0,0.1446931448797275,0.14214013714561805
912,0.0,0.0,0.1446931448797275,0.14161653996486476
913,0.0,0.0,0.1446931448797275,0.14100552426066962
914,0.0,0.0,0.1446931448797275,0.1404138095438246
915,0.0,0.0,0.1446931448797275,0.13988534904320918
916,0.0,0.0,0.1446931448797275,0.13929421091029967
917,0.0,0.0,0.1446931448797275,0.13875153661864387
918,0.0,0.0,0.1446931448797275,0.13825068850727518
919,0.0,0.0,0.1446931448797275,0.13773080248695246
920,0.0,0.0,0.1446931448797275,0.14021388615030025
921,0.0,0.0,0.1440715104147009,0.1427837047775984
922,0.0,0.0,0.14338503957115015,0.14226368431502037
923,0.0,0.0,0.14265050967820225,0.141726375448713
924,0.0,0.0,0.1418356650902264,0.14117748349608106
925,0.0,0.0,0.1409086418625525,0.14063237837723014
926,0.0,0.0,0.13990603056436224,0.1401117639791842
927,0.0,0.0,0.13883469427021447,0.13954735328609896
928,0.0,0.0,0.14159383285632918,0.14219590541921948
929,0.0,0.0,0.14159383285632918,0.14163286293258845
930,0.0,0.0,0.14159383285632918,0.14098064677519834
931,0.0,0.0,0.14159383285632918,0.14042693808379422
932,0.0,0.0,0.14159383285632918,0.13984900673311318
933,0.0,0.0,0.14159383285632918,0.13937580310940426
934,0.0,0.0,0.14159383285632918,0.13872358695201412
935,0.0,0.0,0.14159383285632918,0.13810390726563915
936,0.0,0.0,0.14159383285632918,0.13754710976125192
937,0.0,0.0,0.14159383285632918,0.13689489360386187
938,0.0,0.0,0.14159383285632918,0.1362449327632243
939,0.0,0.0,0.14159383285632918,0.13568322866673885
940,0.0,0.0,0.14159383285632918,0.13510529731605783
941,0.0,0.0,0.14095886861761311,0.13772022040892998
942,0.0,0.0,0.14025742277368952,0.14386156665406352
943,0.0,0.0,0.13950557878239547,0.14333149424606884
944,0.0,0.0,0.13867964604804886,0.14280142183807415
945,0.0,0.0,0.13773806054503007,0.1421452886955524
946,0.0,0.0,0.13672066239946787,0.14155469856981223
947,0.0,0.0,0.13567178465189403,0.14101236625787777
948,0.0,0.0,0.14253945187130385,0.14042669160146867
949,0.0,0.0,0.14253945187130385,0.13981167252543789
950,0.0,0.0,0.14253945187130385,0.13920252891908286
951,0.0,0.0,0.14253945187130385,0.14209144035475457
952,0.0,0.0,0.14253945187130385,0.14143993848703756
953,0.0,0.0,0.14253945187130385,0.14085523055071875
954,0.0,0.0,0.14253945187130385,0.14029224474365215
955,0.0,0.0,0.14253945187130385,0.13970641244364335
956,0.0,0.0,0.14253945187130385,0.1390363304669257
957,0.0,0.0,0.14253945187130385,0.14197514127886443
958,0.0,0.0,0.14253945187130385,0.1416493580575716
959,0.0,0.0,0.14253945187130385,0.14132357483627872
960,0.0,0.0,0.14253945187130385,0.1409977916149859
961,0.0,0.0,0.14187698416941089,0.140672008393693
962,0.0,0.0,0.14116188114664951,0.14034395444524703
963,0.0,0.0,0.14037099806243963,0.1400181712239542
964,0.0,0.0,0.139512981075919,0.13969238800266134
965,0.0,0.0,0.13853673171932038,0.1393666047813685
966,0.0,0.0,0.13749416317083418,0.13904082156007566
967,0.0,0.0,0.1402938901433409,0.1387150383387828
968,0.0,0.0,0.1402938901433409,0.13838925511748995
969,0.0,0.0,0.1402938901433409,0.13806347189619705
970,0.0,0.0,0.1402938901433409,0.14137123243966992
971,0.0,0.0,0.1402938901433409,0.1410370708057663
972,0.0,0.0,0.1402938901433409,0.14070290917186268
973,0.0,0.0,0.1402938901433409,0.14036874753795905
974,0.0,0.0,0.1402938901433409,0.1400345859040554
975,0.0,0.0,0.1402938901433409,0.13970042427015178
976,0.0,0.0,0.1402938901433409,0.13936626263624818
977,0.0,0.0,0.1402938901433409,0.1390321010023445
978,0.0,0.0,0.1402938901433409,0.13869793936844088
979,0.0,0.0,0.1402938901433409,0.13836377773453729
980,0.0,0.0,0.1402938901433409,0.13802961610063363
981,0.0,0.0,0.13961530056301052,0.13769545446673
982,0.0,0.0,0.13888354079731577,0.13736129283282636
983,0.0,0.0,0.13809171170681644,0.13702713119892274
984,0.0,0.0,0.1412575959619841,0.13669296956501917
985,0.0,0.0,0.14024356515624523,0.13635880793111552
986,0.0,0.0,0.13915934862458437,0.13602464629721187
987,0.0,0.0,0.1424265927517051,0.13569048466330824
988,0.0,0.0,0.1424265927517051,0.1353563230294046
989,0.0,0.0,0.1424265927517051,0.13502216139550097
990,0.0,0.0,0.1424265927517051,0.13468799976159734
991,0.0,0.0,0.1424265927517051,0.13798227834378285
992,0.0,0.0,0.1424265927517051,0.14146641410055022
993,0.0,0.0,0.1424265927517051,0.1410985293063328
994,0.0,0.0,0.1424265927517051,0.14073064451211534
995,0.0,0.0,0.1424265927517051,0.14036275971789786
996,0.0,0.0,0.1424265927517051,0.13999487492368043
997,0.0,0.0,0.1424265927517051,0.13962699012946297
998,0.0,0.0,0.1424265927517051,0.13925910533524552
999,0.0,0.0,0.1424265927517051,0.13889122054102807
1000,0.0,0.0,0.1424265927517051,0.1385233357468106
